id;employeeId;date;minutes;type;note
"cc7cc145-bdd1-4984-9153-3340c2bf273e";"27d83b80-0073-41d6-82f3-c7c9dc341db8";"2026-02-02";"240";"ADJUSTMENT";"Ajuste manual administrativo"
"3828f220-fbbf-4a9c-a073-b9dd54b02a0d";"10af27b6-820d-4142-a168-b43e8f261518";"2026-02-02";"240";"ADJUSTMENT";"Ajuste manual administrativo"
"a53a1df6-2a13-4928-86cd-6fb66ea686d7";"6c62ccbf-5719-4a03-89cf-3506e5200dd2";"2026-02-02";"480";"ADJUSTMENT";"Ajuste manual administrativo"
"5edb6a31-0dd2-44d9-80cb-c2603858f5e9";"10af27b6-820d-4142-a168-b43e8f261518";"2026-02-03";"480";"ADJUSTMENT";"Ajuste manual administrativo"
"9a4e0b79-e696-4d2f-b5ec-826e9bc479d3";"27d83b80-0073-41d6-82f3-c7c9dc341db8";"2026-02-03";"480";"ADJUSTMENT";"Ajuste manual administrativo"
"0f9ba83c-b99f-4c01-87c8-e4bd6a643d0b";"6c62ccbf-5719-4a03-89cf-3506e5200dd2";"2026-02-03";"480";"ADJUSTMENT";"Ajuste manual administrativo"
"0b57ae2d-f046-429d-905f-8fec28c77424";"6c62ccbf-5719-4a03-89cf-3506e5200dd2";"2026-02-04";"480";"ADJUSTMENT";"Ajuste manual administrativo"
"515f510c-0208-48e9-b518-89e66f885342";"27d83b80-0073-41d6-82f3-c7c9dc341db8";"2026-02-04";"480";"ADJUSTMENT";"Ajuste manual administrativo"
"fd655aea-d198-45e2-83b6-0b6c88c1f188";"01f9409f-d074-4c85-b8aa-96be02f6ba07";"2026-02-04";"360";"ADJUSTMENT";"Ajuste manual administrativo"
"ba1e20ed-5874-4e60-a6f9-351621d412df";"10af27b6-820d-4142-a168-b43e8f261518";"2026-02-04";"480";"ADJUSTMENT";"Ajuste manual administrativo"
"27fee442-b957-4a5f-ac25-fbb496f5a97f";"6c62ccbf-5719-4a03-89cf-3506e5200dd2";"2026-02-05";"480";"ADJUSTMENT";"Ajuste manual administrativo"
"c9893d4f-d683-4afc-b9cf-dbff0a8de6e2";"01f9409f-d074-4c85-b8aa-96be02f6ba07";"2026-02-05";"360";"ADJUSTMENT";"Ajuste manual administrativo"
"e18acbfe-2d2d-4e2b-b8c4-7761025d6f44";"27d83b80-0073-41d6-82f3-c7c9dc341db8";"2026-02-05";"480";"ADJUSTMENT";"Ajuste manual administrativo"
"9481ce2c-14f9-4ba0-8002-5c54eb518de4";"10af27b6-820d-4142-a168-b43e8f261518";"2026-02-05";"480";"ADJUSTMENT";"Ajuste manual administrativo"
"aabaa25e-0e48-4dc3-b642-9167a41df6ab";"6c62ccbf-5719-4a03-89cf-3506e5200dd2";"2026-02-06";"480";"ADJUSTMENT";"Ajuste manual administrativo"
"8265a4ab-7cfb-4e3d-ae33-e7deca07bc93";"01f9409f-d074-4c85-b8aa-96be02f6ba07";"2026-02-06";"360";"ADJUSTMENT";"Ajuste manual administrativo"
"a715dc8b-e088-47de-b45f-456d460b69aa";"27d83b80-0073-41d6-82f3-c7c9dc341db8";"2026-02-06";"480";"ADJUSTMENT";"Ajuste manual administrativo"
"cf5296fb-872a-4a20-b360-7f62d834551e";"27d83b80-0073-41d6-82f3-c7c9dc341db8";"2026-02-07";"480";"ADJUSTMENT";"Ajuste manual administrativo"
"d42e0f21-25ed-42c3-841d-d385485cf124";"10af27b6-820d-4142-a168-b43e8f261518";"2026-02-07";"480";"ADJUSTMENT";"Ajuste manual administrativo"
"fb19a6fa-c6c1-4ffd-aa60-eff95344f074";"01f9409f-d074-4c85-b8aa-96be02f6ba07";"2026-02-07";"360";"ADJUSTMENT";"Ajuste manual administrativo"
"f3e77c46-9e23-465b-b02c-af327cba661c";"6c62ccbf-5719-4a03-89cf-3506e5200dd2";"2026-02-07";"240";"ADJUSTMENT";"Ajuste manual administrativo"
"959ad951-550a-423a-9b51-eeeca563e1a6";"10af27b6-820d-4142-a168-b43e8f261518";"2026-02-08";"420";"ADJUSTMENT";"Ajuste manual administrativo"
"6fe6a16d-008a-4a66-ada6-016619676c7f";"27d83b80-0073-41d6-82f3-c7c9dc341db8";"2026-02-09";"240";"ADJUSTMENT";"Ajuste manual administrativo"
"8c626f27-f411-4be2-b853-c70ae7300406";"10af27b6-820d-4142-a168-b43e8f261518";"2026-02-09";"480";"ADJUSTMENT";"Ajuste manual administrativo"
"032a3cc0-351f-4fa1-a323-030d12ac8d24";"6c62ccbf-5719-4a03-89cf-3506e5200dd2";"2026-02-09";"480";"ADJUSTMENT";"Ajuste manual administrativo"
"e81a20a4-5943-4429-b7db-da9736ce77f2";"01f9409f-d074-4c85-b8aa-96be02f6ba07";"2026-02-09";"120";"ADJUSTMENT";"Ajuste manual administrativo"
"c327a692-1003-46e5-a864-3cfad17b0925";"01f9409f-d074-4c85-b8aa-96be02f6ba07";"2026-02-10";"360";"ADJUSTMENT";"Ajuste manual administrativo"
"89ccda47-4c4b-4544-8b29-820f829ef7b9";"10af27b6-820d-4142-a168-b43e8f261518";"2026-02-10";"480";"ADJUSTMENT";"Ajuste manual administrativo"
"afcc12ac-f81c-4969-8895-2b2d568c2aa7";"27d83b80-0073-41d6-82f3-c7c9dc341db8";"2026-02-10";"480";"ADJUSTMENT";"Ajuste manual administrativo"
"79275e64-c2ef-4fca-91bc-323f481a704a";"6c62ccbf-5719-4a03-89cf-3506e5200dd2";"2026-02-10";"480";"ADJUSTMENT";"Ajuste manual administrativo"
"3ccdd9c7-9246-4f6a-9aed-22d3fcf0d35c";"10af27b6-820d-4142-a168-b43e8f261518";"2026-02-11";"-180";"ADJUSTMENT";"Ajuste manual administrativo"
"7f9882bd-aa65-4d58-b932-8c024ba4b2e4";"01f9409f-d074-4c85-b8aa-96be02f6ba07";"2026-02-11";"167";"ADJUSTMENT";"Ajuste manual administrativo"
"0ea973a4-0baa-4510-863e-2ba8d0fec0e4";"10af27b6-820d-4142-a168-b43e8f261518";"2026-02-11";"0";"OFF_DAY";""
"fb00948d-f1de-4afd-93dd-f07d39ad9c7d";"27d83b80-0073-41d6-82f3-c7c9dc341db8";"2026-02-11";"-6";"WORK";""
"64c56570-a3c6-477d-becf-3a9056d3ca5c";"6c62ccbf-5719-4a03-89cf-3506e5200dd2";"2026-02-11";"-12";"WORK";""
"8b8a65b1-b034-4efd-a420-dc30e756ee09";"6c62ccbf-5719-4a03-89cf-3506e5200dd2";"2026-02-12";"-233";"WORK";""
"ad7268b3-f8bf-41dc-a080-98e8be4ba14c";"10af27b6-820d-4142-a168-b43e8f261518";"2026-02-12";"12";"ADJUSTMENT";"Ajuste manual administrativo"
"5d9a2c4c-6408-4520-9692-c03618882fac";"27d83b80-0073-41d6-82f3-c7c9dc341db8";"2026-02-12";"12";"ADJUSTMENT";"Ajuste manual administrativo"
"fab40a33-d8b2-4c66-9675-b67ea86d3c5f";"27d83b80-0073-41d6-82f3-c7c9dc341db8";"2026-02-12";"-62";"WORK";""
"16705a70-6b6a-438b-90ac-25cf46502ee8";"27d83b80-0073-41d6-82f3-c7c9dc341db8";"2026-02-12";"12";"ADJUSTMENT";"Ajuste manual administrativo"
"f69b1b5e-a3ba-46cf-8d93-1e43bea5675e";"10af27b6-820d-4142-a168-b43e8f261518";"2026-02-12";"-25";"WORK";""
"a2301c28-e341-4ab3-a999-d0fdc055f764";"01f9409f-d074-4c85-b8aa-96be02f6ba07";"2026-02-12";"480";"ADJUSTMENT";"Ajuste manual administrativo"
"e26e625c-af21-4702-876d-a3e5eebf23c4";"01f9409f-d074-4c85-b8aa-96be02f6ba07";"2026-02-12";"60";"ADJUSTMENT";"Ajuste manual administrativo"
"eb3677e7-a912-4094-84b0-b98bc1686e2a";"10af27b6-820d-4142-a168-b43e8f261518";"2026-02-13";"-85";"WORK";""
"f014c191-18fb-458a-915c-44fadf5e0bdf";"01f9409f-d074-4c85-b8aa-96be02f6ba07";"2026-02-13";"480";"ADJUSTMENT";"Ajuste manual administrativo"
"9e8eb78f-e18c-47f0-80d5-c344823c6e81";"27d83b80-0073-41d6-82f3-c7c9dc341db8";"2026-02-13";"-65";"WORK";""
"3413a178-8c4a-418f-9e97-905de6199a8e";"6c62ccbf-5719-4a03-89cf-3506e5200dd2";"2026-02-13";"-15";"WORK";""
"9080354d-a97c-4b5a-8d25-c6600d9d209d";"10af27b6-820d-4142-a168-b43e8f261518";"2026-02-14";"-26";"WORK";""
"cbaa41fb-62d3-4283-b4c3-27d39c41e89a";"27d83b80-0073-41d6-82f3-c7c9dc341db8";"2026-02-14";"-23";"WORK";""
"d7fabf58-1467-4f46-92a3-2616d29b26de";"6c62ccbf-5719-4a03-89cf-3506e5200dd2";"2026-02-14";"226";"WORK";""
"99d2cd36-dcb7-4fd2-b907-3f754b81ed0d";"01f9409f-d074-4c85-b8aa-96be02f6ba07";"2026-02-16";"360";"ADJUSTMENT";"Ajuste manual administrativo"
"6e5dab8c-4bdd-42d7-854a-41e838b0bdc4";"10af27b6-820d-4142-a168-b43e8f261518";"2026-02-16";"240";"ADJUSTMENT";"Ajuste manual administrativo"
"b4c96e42-258b-4c56-831c-66a43c0800f3";"27d83b80-0073-41d6-82f3-c7c9dc341db8";"2026-02-16";"240";"ADJUSTMENT";"Ajuste manual administrativo"
"eba44db1-0c86-4aab-93de-6a651619e755";"6c62ccbf-5719-4a03-89cf-3506e5200dd2";"2026-02-16";"480";"ADJUSTMENT";"Ajuste manual administrativo"
"b5031ed1-b70c-4d38-9358-510fb8b6d080";"10af27b6-820d-4142-a168-b43e8f261518";"2026-02-17";"0";"HOLIDAY";""
"c1a76ea1-c5ce-4010-a900-2d6d33e4ea8f";"6c62ccbf-5719-4a03-89cf-3506e5200dd2";"2026-02-17";"0";"HOLIDAY";""
"ba1529cd-f893-4feb-a08f-8218c3ed7498";"01f9409f-d074-4c85-b8aa-96be02f6ba07";"2026-02-17";"0";"HOLIDAY";""
"2a3adaaf-84c1-439c-b6c8-926e035d42e7";"27d83b80-0073-41d6-82f3-c7c9dc341db8";"2026-02-17";"0";"HOLIDAY";""
"de0258c1-bd5a-432b-8758-19d5ffad2106";"01f9409f-d074-4c85-b8aa-96be02f6ba07";"2026-02-18";"360";"ADJUSTMENT";"Ajuste manual administrativo"
"e4b9f5b0-b8a5-40bb-abcd-ca82e7366505";"27d83b80-0073-41d6-82f3-c7c9dc341db8";"2026-02-18";"480";"ADJUSTMENT";"Ajuste manual administrativo"
"5e14cff6-ab7a-4e9d-a1b8-1b50bc82ec2f";"10af27b6-820d-4142-a168-b43e8f261518";"2026-02-18";"-7";"WORK";""
"e0962c90-7406-420c-ba4c-c02ed29bd38d";"27d83b80-0073-41d6-82f3-c7c9dc341db8";"2026-02-19";"-30";"WORK";""
"d774496f-2b20-4672-9e0e-91b00755ccea";"01f9409f-d074-4c85-b8aa-96be02f6ba07";"2026-02-19";"7";"WORK";""
"64c78e30-1833-4ea2-99a4-b12f83eb29ca";"6c62ccbf-5719-4a03-89cf-3506e5200dd2";"2026-02-19";"42";"WORK";""
"65fc1393-c9c2-4d73-a512-2028a4fb7c3c";"10af27b6-820d-4142-a168-b43e8f261518";"2026-02-19";"-16";"WORK";""
"43eb3d29-ce2a-4c28-9208-c3b7d18af509";"27d83b80-0073-41d6-82f3-c7c9dc341db8";"2026-02-20";"-10";"WORK";""
"78350021-75a7-4d5e-9f41-faa16fa24c81";"10af27b6-820d-4142-a168-b43e8f261518";"2026-02-20";"-24";"WORK";""
"70a94a7f-c10f-4dab-9b81-934d265e41e5";"6c62ccbf-5719-4a03-89cf-3506e5200dd2";"2026-02-20";"40";"ADJUSTMENT";"Ajuste manual administrativo"
"45253f7b-37ed-4b30-abd3-4eea310a8aa5";"01f9409f-d074-4c85-b8aa-96be02f6ba07";"2026-02-20";"14";"WORK";""
"7ecb53ee-fb09-4d9f-a759-a75706093c42";"6c62ccbf-5719-4a03-89cf-3506e5200dd2";"2026-02-20";"-29";"WORK";""
"f4860f61-c1dd-4276-9c23-93d73bf1bf3d";"27d83b80-0073-41d6-82f3-c7c9dc341db8";"2026-02-21";"460";"ADJUSTMENT";"Ajuste manual administrativo"
"bf4ceac6-0839-4637-bb59-828a92cb6486";"10af27b6-820d-4142-a168-b43e8f261518";"2026-02-21";"-17";"WORK";""
"d09d057e-fff4-439a-a7a8-9cafe0cd84f8";"6c62ccbf-5719-4a03-89cf-3506e5200dd2";"2026-02-21";"210";"WORK";""
"03ec3132-27e5-40f3-a96c-943738d0764f";"6c62ccbf-5719-4a03-89cf-3506e5200dd2";"2026-02-22";"516";"WORK";""
"e949a9e8-d61f-4568-b2c8-4cef929a3ced";"27d83b80-0073-41d6-82f3-c7c9dc341db8";"2026-02-22";"423";"WORK";""
"4e1e24f8-9713-43ce-8fc6-5696dc6430a1";"01f9409f-d074-4c85-b8aa-96be02f6ba07";"2026-02-23";"20";"WORK";""
"818a8a68-1eb6-4b45-9f9b-b92263760032";"10af27b6-820d-4142-a168-b43e8f261518";"2026-02-23";"19";"WORK";""
"8dfa0303-ea5a-4ed5-90b6-c05fa613886d";"6c62ccbf-5719-4a03-89cf-3506e5200dd2";"2026-02-23";"11";"WORK";""
"922fb587-f3ee-495f-877e-6663ab414cc1";"6c62ccbf-5719-4a03-89cf-3506e5200dd2";"2026-02-24";"3";"WORK";""
"d09fa7cf-442f-4778-be75-88c7b57c1f1e";"10af27b6-820d-4142-a168-b43e8f261518";"2026-02-24";"-34";"WORK";""
"81d969d4-6349-4e85-a1fd-2fa2810dd10d";"01f9409f-d074-4c85-b8aa-96be02f6ba07";"2026-02-24";"23";"WORK";""
"65079337-83bb-48aa-804d-6af57b0a59d3";"27d83b80-0073-41d6-82f3-c7c9dc341db8";"2026-02-24";"-223";"WORK";""
"e0f56daf-b864-4b5c-b957-fdb165a60ac1";"01f9409f-d074-4c85-b8aa-96be02f6ba07";"2026-02-25";"43";"WORK";""
"98e93222-47cb-439d-b0b8-86ba81d2af4d";"6c62ccbf-5719-4a03-89cf-3506e5200dd2";"2026-02-25";"-195";"WORK";""
"b15fa49a-025b-4b0f-8676-2f1a719d6e61";"10af27b6-820d-4142-a168-b43e8f261518";"2026-02-25";"-16";"WORK";""
"fa206fc0-498b-444e-976f-62451f578159";"27d83b80-0073-41d6-82f3-c7c9dc341db8";"2026-02-25";"-73";"WORK";""
"746fab8c-d43b-4130-844a-201429b56f0e";"10af27b6-820d-4142-a168-b43e8f261518";"2026-02-26";"-22";"WORK";""
"41758516-721e-424d-a6ad-1e186a76947d";"01f9409f-d074-4c85-b8aa-96be02f6ba07";"2026-02-26";"77";"WORK";""
"f6871dc9-1835-4f3f-8812-a61f44d85d0e";"6c62ccbf-5719-4a03-89cf-3506e5200dd2";"2026-02-26";"-41";"WORK";""
"71a141c1-6845-45e3-8f90-4db19c6406c1";"27d83b80-0073-41d6-82f3-c7c9dc341db8";"2026-02-26";"-16";"WORK";""
"19c98106-4324-459e-bc0e-06fa9ea4fd97";"01f9409f-d074-4c85-b8aa-96be02f6ba07";"2026-02-27";"12";"WORK";""
"9630cd0c-236b-4427-b48a-1c600ae4e3e7";"6c62ccbf-5719-4a03-89cf-3506e5200dd2";"2026-02-27";"76";"WORK";""
"7170de9e-e549-4ff9-a326-d415f266e155";"10af27b6-820d-4142-a168-b43e8f261518";"2026-02-27";"4";"WORK";""
"67cfe9ab-7513-440f-8e22-7618957a32aa";"27d83b80-0073-41d6-82f3-c7c9dc341db8";"2026-02-27";"-48";"WORK";""
"90f21ce6-1735-439a-af8f-6d6531c1a4bd";"10af27b6-820d-4142-a168-b43e8f261518";"2026-02-28";"88";"WORK";""
"4d95c82b-f7ef-47eb-bd91-adf5a93f160a";"01f9409f-d074-4c85-b8aa-96be02f6ba07";"2026-02-28";"598";"WORK";""
"56a03c1f-14d1-44ce-82e7-523b10d8e1f7";"27d83b80-0073-41d6-82f3-c7c9dc341db8";"2026-02-28";"78";"WORK";""
"3727a12e-d9f0-4a47-8336-3a3d42cf9cec";"6c62ccbf-5719-4a03-89cf-3506e5200dd2";"2026-03-02";"480";"ADJUSTMENT";"Ajuste manual administrativo"
"4c660416-2ab4-4f1e-acab-577bfbe73a2e";"01f9409f-d074-4c85-b8aa-96be02f6ba07";"2026-03-02";"360";"ADJUSTMENT";"Ajuste manual administrativo"
"3286a080-6a03-432b-8a2b-c962accef0cd";"27d83b80-0073-41d6-82f3-c7c9dc341db8";"2026-03-02";"233";"WORK";""
"65d51b39-f6f0-4f6b-8421-745e1456dc86";"10af27b6-820d-4142-a168-b43e8f261518";"2026-03-03";"-11";"WORK";""
"9990594d-7ef0-4664-b413-ae8669aa0930";"27d83b80-0073-41d6-82f3-c7c9dc341db8";"2026-03-03";"-219";"WORK";""
"a8be5ccd-c0e0-4b9f-a563-0d67fa9c0b3c";"6c62ccbf-5719-4a03-89cf-3506e5200dd2";"2026-03-03";"33";"WORK";""
"184e4334-7156-4d9c-88d8-8d0db81c47f7";"01f9409f-d074-4c85-b8aa-96be02f6ba07";"2026-03-03";"12";"WORK";""
"9b555497-3e2e-4434-9f8f-509b2faeea15";"27d83b80-0073-41d6-82f3-c7c9dc341db8";"2026-03-04";"-22";"WORK";""
"fe31d64f-674d-4ee1-897d-145f8503113f";"01f9409f-d074-4c85-b8aa-96be02f6ba07";"2026-03-04";"-29";"WORK";""
"d5a76fe6-3baf-4363-b619-62b24e1639ab";"6c62ccbf-5719-4a03-89cf-3506e5200dd2";"2026-03-04";"56";"WORK";""
"8c64c0b5-9189-4e79-adb2-935df80b5797";"10af27b6-820d-4142-a168-b43e8f261518";"2026-03-04";"-14";"WORK";""
"d345b9d8-e8e4-4e1b-bdd8-4110e8a8fdbb";"6c62ccbf-5719-4a03-89cf-3506e5200dd2";"2026-03-05";"2";"WORK";""
"d1a5381e-9fb7-4a6a-a482-b4589ac7a824";"01f9409f-d074-4c85-b8aa-96be02f6ba07";"2026-03-05";"-18";"WORK";""
"fa7aeec0-d849-4622-8460-a8e881064fcf";"10af27b6-820d-4142-a168-b43e8f261518";"2026-03-05";"20";"WORK";""
"6f4ce812-bcd2-4f34-a6f0-de93ed4db89d";"27d83b80-0073-41d6-82f3-c7c9dc341db8";"2026-03-05";"-2";"WORK";""
"eee12aa3-2f3c-4384-aeea-91049f64657d";"6c62ccbf-5719-4a03-89cf-3506e5200dd2";"2026-03-05";"2";"WORK";""
"1ea106d8-f1d1-4f85-81b0-e924601bb61e";"27d83b80-0073-41d6-82f3-c7c9dc341db8";"2026-03-06";"-32";"WORK";""
"62b9692b-31df-4353-a2af-6ea384991384";"10af27b6-820d-4142-a168-b43e8f261518";"2026-03-06";"-51";"WORK";""
"026caa1d-03cc-4490-b459-a4b8742cf0c6";"6c62ccbf-5719-4a03-89cf-3506e5200dd2";"2026-03-06";"-10";"WORK";""
"f70c0da7-afa3-46f4-9adf-09c305f4f027";"10af27b6-820d-4142-a168-b43e8f261518";"2026-03-07";"-13";"WORK";""
"ca44dd70-25c5-4074-9202-0fc665e72990";"27d83b80-0073-41d6-82f3-c7c9dc341db8";"2026-03-07";"-38";"WORK";""
"012cebf3-ff39-41bf-816e-2a579e7efdfd";"01f9409f-d074-4c85-b8aa-96be02f6ba07";"2026-03-08";"419";"WORK";""
"2d08d713-f6fc-40fd-94fc-ec0cc48dfe67";"10af27b6-820d-4142-a168-b43e8f261518";"2026-03-08";"421";"WORK";""
"ad42dd6c-2993-4530-80df-b56b43b4b4a5";"6c62ccbf-5719-4a03-89cf-3506e5200dd2";"2026-03-08";"410";"WORK";""
"df4609bd-2da6-45ac-b77c-7a3f7e7c0262";"27d83b80-0073-41d6-82f3-c7c9dc341db8";"2026-03-09";"38";"WORK";""
"f1c69f6e-86a1-4ad0-b411-d00118d30238";"6c62ccbf-5719-4a03-89cf-3506e5200dd2";"2026-03-09";"50";"WORK";""
"de3c9cc9-a18e-4e75-9a45-ba52c21922f1";"10af27b6-820d-4142-a168-b43e8f261518";"2026-03-09";"0";"OFF_DAY";""
"84dfbf2d-4d74-417d-a61e-d8102bed2874";"10af27b6-820d-4142-a168-b43e8f261518";"2026-03-10";"-14";"WORK";""
"71746b47-4bbc-4bb1-92a5-052385268a7c";"27d83b80-0073-41d6-82f3-c7c9dc341db8";"2026-03-10";"-38";"WORK";""
"3232f696-97f8-4acd-8c2e-538368c137e7";"01f9409f-d074-4c85-b8aa-96be02f6ba07";"2026-03-10";"360";"ADJUSTMENT";"Ajuste manual administrativo"
"449c07cb-e93b-4316-bb9d-c6682bceb18d";"6c62ccbf-5719-4a03-89cf-3506e5200dd2";"2026-03-10";"-195";"WORK";""
"d02dcd6f-c2d5-4a56-87c0-b6cc35ed48f5";"6c62ccbf-5719-4a03-89cf-3506e5200dd2";"2026-03-11";"480";"ADJUSTMENT";"Ajuste manual administrativo"
"667645ca-0e39-4dac-bdb1-435905c8a8c8";"27d83b80-0073-41d6-82f3-c7c9dc341db8";"2026-03-11";"0";"OFF_DAY";""
"4f8a1bc9-6236-45cb-b5ec-1c727d816538";"27d83b80-0073-41d6-82f3-c7c9dc341db8";"2026-03-11";"480";"ADJUSTMENT";"Ajuste manual administrativo"
"56da15e7-4eba-4504-b9a4-ad467d96459b";"10af27b6-820d-4142-a168-b43e8f261518";"2026-03-11";"-10";"WORK";""
"8256955e-3a50-4fbb-a51d-d90a3d5bccec";"01f9409f-d074-4c85-b8aa-96be02f6ba07";"2026-03-11";"8";"WORK";""
"09512a37-33a9-46f5-bc64-b18eb4a7dd00";"01f9409f-d074-4c85-b8aa-96be02f6ba07";"2026-03-12";"0";"WORK";""
"0f1c543b-5400-4beb-bdff-0833f40d31d2";"10af27b6-820d-4142-a168-b43e8f261518";"2026-03-12";"-17";"WORK";""
"31430721-761c-4670-ae60-9dc192bee478";"6c62ccbf-5719-4a03-89cf-3506e5200dd2";"2026-03-12";"5";"WORK";""
"1211e52a-c15f-4b0b-aa61-f82faf61f978";"27d83b80-0073-41d6-82f3-c7c9dc341db8";"2026-03-12";"-36";"WORK";""
"14509413-4a17-42a7-a6f7-3c0d97ca02b7";"01f9409f-d074-4c85-b8aa-96be02f6ba07";"2026-03-13";"7";"WORK";""
"43de4c9a-ff96-4f9a-8f23-4b6348548491";"6c62ccbf-5719-4a03-89cf-3506e5200dd2";"2026-03-13";"480";"ADJUSTMENT";"Ajuste manual administrativo"
"860e0af5-3f04-44dc-8adf-60099cfd0816";"10af27b6-820d-4142-a168-b43e8f261518";"2026-03-13";"-17";"WORK";""
"d8892281-78ee-4426-8727-9e0bc67a21b8";"27d83b80-0073-41d6-82f3-c7c9dc341db8";"2026-03-13";"-33";"WORK";""
"f7bd4f76-5c08-417e-b41f-7b4f310e76fe";"27d83b80-0073-41d6-82f3-c7c9dc341db8";"2026-03-14";"-81";"WORK";""
"21966fd8-f96e-4d37-87f2-0cc09a4c410f";"27d83b80-0073-41d6-82f3-c7c9dc341db8";"2026-03-14";"80";"ADJUSTMENT";"Ajuste manual administrativo"
"76b92cf2-b49b-4b99-b256-1ea63629fa78";"10af27b6-820d-4142-a168-b43e8f261518";"2026-03-14";"-14";"WORK";""
"a22acb21-49e6-4ff3-b819-ea0736518472";"01f9409f-d074-4c85-b8aa-96be02f6ba07";"2026-03-14";"359";"WORK";""
"d7b7d66f-94ce-46ef-96d1-f4bbea158a0f";"6c62ccbf-5719-4a03-89cf-3506e5200dd2";"2026-03-14";"0";"OFF_DAY";""
"1e51b2ab-495b-4d9f-85ad-f6c709dfe08c";"27d83b80-0073-41d6-82f3-c7c9dc341db8";"2026-03-16";"0";"OFF_DAY";""
"c199c0ff-e907-437a-850e-989b97530ed3";"27d83b80-0073-41d6-82f3-c7c9dc341db8";"2026-03-16";"0";"HOLIDAY";""
"f55d67d8-a6b6-4637-bef4-a4e2fd7e0b4f";"6c62ccbf-5719-4a03-89cf-3506e5200dd2";"2026-03-16";"0";"HOLIDAY";""
"fd38e69b-0ed8-467b-bdc8-e15e29f58c5c";"10af27b6-820d-4142-a168-b43e8f261518";"2026-03-16";"0";"HOLIDAY";""
"be7db06b-62dd-47c9-aeca-8ff6d2d78315";"10af27b6-820d-4142-a168-b43e8f261518";"2026-03-17";"-215";"WORK";""
"f325b0d2-6ce6-407c-a32c-711eb5a0c5cc";"6c62ccbf-5719-4a03-89cf-3506e5200dd2";"2026-03-17";"0";"OFF_DAY";""
"081bb6cf-d33e-42f1-bf40-5cbd93c6bb01";"27d83b80-0073-41d6-82f3-c7c9dc341db8";"2026-03-17";"-217";"WORK";""
"0f96f159-6e6c-4158-b684-46d106453a00";"01f9409f-d074-4c85-b8aa-96be02f6ba07";"2026-03-17";"-28";"WORK";""
"37c9672a-5d05-4ae9-848c-d1e60e951715";"10af27b6-820d-4142-a168-b43e8f261518";"2026-03-18";"-22";"WORK";""
"fedb56f6-000f-457e-b1a4-90d0ed46e2cc";"01f9409f-d074-4c85-b8aa-96be02f6ba07";"2026-03-18";"6";"WORK";""
"8574e320-6ac2-4576-9d5e-a1cec2406e19";"27d83b80-0073-41d6-82f3-c7c9dc341db8";"2026-03-18";"-16";"WORK";""
"a6213b1b-f540-4f16-9d6b-4fb4d584e009";"6c62ccbf-5719-4a03-89cf-3506e5200dd2";"2026-03-18";"5";"WORK";""
"0af50565-0ae3-48f0-a8c6-40796f6b8de4";"6c62ccbf-5719-4a03-89cf-3506e5200dd2";"2026-03-19";"-30";"WORK";""
"fa55e4c4-d30e-4b23-ae27-6a05afe8f5a9";"27d83b80-0073-41d6-82f3-c7c9dc341db8";"2026-03-19";"10";"WORK";""
"f4364834-8949-4123-a67f-02047772f2ec";"10af27b6-820d-4142-a168-b43e8f261518";"2026-03-19";"-16";"WORK";""
"53081924-e0ff-4648-a440-fd9d6bc57479";"01f9409f-d074-4c85-b8aa-96be02f6ba07";"2026-03-19";"5";"WORK";""
"7b9f998f-22b5-4af5-b6d1-24e0abf7b666";"6c62ccbf-5719-4a03-89cf-3506e5200dd2";"2026-03-20";"36";"WORK";""
"4b4690a9-9de0-4baa-bd54-98460e4e665e";"01f9409f-d074-4c85-b8aa-96be02f6ba07";"2026-03-20";"-2";"WORK";""
"f01cd098-2355-4f3b-8a3a-ab1c359977aa";"27d83b80-0073-41d6-82f3-c7c9dc341db8";"2026-03-20";"-7";"WORK";""
"0ce23eea-3b81-4825-9208-9642365992fb";"10af27b6-820d-4142-a168-b43e8f261518";"2026-03-20";"-35";"WORK";""
"4891cfef-890e-49da-bc44-6dc60c13549f";"6c62ccbf-5719-4a03-89cf-3506e5200dd2";"2026-03-21";"65";"WORK";""
"984877f8-5b2b-47cc-90b3-86e8809af960";"10af27b6-820d-4142-a168-b43e8f261518";"2026-03-21";"-24";"WORK";""
"c373bcda-5514-4534-8c49-0d44a882cd1d";"27d83b80-0073-41d6-82f3-c7c9dc341db8";"2026-03-21";"0";"OFF_DAY";""
"5bb33cbd-975a-41fa-9e0b-93f7399be3db";"01f9409f-d074-4c85-b8aa-96be02f6ba07";"2026-03-21";"355";"WORK";""
"1f65da6b-6368-4c28-bafb-2cfd9a8af03a";"6c62ccbf-5719-4a03-89cf-3506e5200dd2";"2026-03-23";"500";"ADJUSTMENT";"Ajuste manual administrativo"
"5e76da86-847a-426e-a462-8301c3843ae1";"27d83b80-0073-41d6-82f3-c7c9dc341db8";"2026-03-23";"28";"WORK";""
"1df1add9-1dc5-474a-8f11-95af4b597f2c";"10af27b6-820d-4142-a168-b43e8f261518";"2026-03-23";"9";"WORK";""
"6e7149d5-c415-4102-809b-809010c7ca8a";"10af27b6-820d-4142-a168-b43e8f261518";"2026-03-24";"-15";"WORK";""
"f622f690-411a-4edf-8c7a-00ef16e575f7";"27d83b80-0073-41d6-82f3-c7c9dc341db8";"2026-03-24";"-40";"WORK";""
"ae9360c6-852c-472a-8a2e-aecc0e711150";"6c62ccbf-5719-4a03-89cf-3506e5200dd2";"2026-03-24";"-38";"WORK";""
"4fb3ea38-e87b-450b-b777-3f35f74144eb";"01f9409f-d074-4c85-b8aa-96be02f6ba07";"2026-03-24";"7";"WORK";""
"02abde7e-ce2a-459f-a2cb-f488be2dc667";"27d83b80-0073-41d6-82f3-c7c9dc341db8";"2026-03-25";"-32";"WORK";""
"4cc208f9-2d18-4ce3-ba49-3a7711c56031";"01f9409f-d074-4c85-b8aa-96be02f6ba07";"2026-03-25";"360";"ADJUSTMENT";"Ajuste manual administrativo"
"293bd4c9-af16-4f4f-a1f8-4351cd281be0";"6c62ccbf-5719-4a03-89cf-3506e5200dd2";"2026-03-25";"480";"ADJUSTMENT";"Ajuste manual administrativo"
"76154f88-6064-4dd4-9ce7-cbf1950247aa";"10af27b6-820d-4142-a168-b43e8f261518";"2026-03-25";"-11";"WORK";""
"c908ee88-5235-446d-92e5-8b7d27da3b00";"27d83b80-0073-41d6-82f3-c7c9dc341db8";"2026-03-26";"-5";"WORK";""
"823ed3d5-aecd-4d84-876c-62a7642c01bd";"10af27b6-820d-4142-a168-b43e8f261518";"2026-03-26";"-22";"WORK";""
"a62195c7-d3c7-404a-965f-db2439d3a70d";"01f9409f-d074-4c85-b8aa-96be02f6ba07";"2026-03-26";"6";"WORK";""
"c1cb70f1-cea8-4542-9267-9f9b02148d9b";"6c62ccbf-5719-4a03-89cf-3506e5200dd2";"2026-03-26";"480";"ADJUSTMENT";"Ajuste manual administrativo"
"f10b6472-bbbb-4ce0-b390-c0acb0d96bf2";"01f9409f-d074-4c85-b8aa-96be02f6ba07";"2026-03-27";"12";"WORK";""
"8843bc8f-feb9-4a6e-8a2c-60f0de9702f5";"10af27b6-820d-4142-a168-b43e8f261518";"2026-03-27";"-15";"WORK";""
"5568be0c-5ad7-4fa0-9f39-edffff95d69d";"27d83b80-0073-41d6-82f3-c7c9dc341db8";"2026-03-27";"-28";"WORK";""
"50697cee-5ef2-452e-974d-66584cb6b041";"6c62ccbf-5719-4a03-89cf-3506e5200dd2";"2026-03-27";"740";"ADJUSTMENT";"Ajuste manual administrativo"
"e2be0b99-624f-44a5-8666-3ace6d658b66";"10af27b6-820d-4142-a168-b43e8f261518";"2026-03-28";"-2";"WORK";""
"6b665ff2-14f0-4888-9dec-a13d0b54b990";"01f9409f-d074-4c85-b8aa-96be02f6ba07";"2026-03-28";"420";"ADJUSTMENT";"Ajuste manual administrativo"
"e520be1c-2a56-46e0-b943-6ae8b2a5f026";"6c62ccbf-5719-4a03-89cf-3506e5200dd2";"2026-03-28";"600";"ADJUSTMENT";"Ajuste manual administrativo"
"9f102b97-6344-4259-8de3-0865e3b7cd83";"27d83b80-0073-41d6-82f3-c7c9dc341db8";"2026-03-28";"-13";"WORK";""
"0fc5eb0c-1b9c-4f60-8e50-ef350b03c221";"6c62ccbf-5719-4a03-89cf-3506e5200dd2";"2026-03-29";"540";"ADJUSTMENT";"Ajuste manual administrativo"
"deba32c7-550b-40f6-bae1-42abb7da282c";"27d83b80-0073-41d6-82f3-c7c9dc341db8";"2026-03-30";"56";"WORK";""
"101c518f-16ab-43a3-b99f-56d793c18e7c";"6c62ccbf-5719-4a03-89cf-3506e5200dd2";"2026-03-30";"34";"WORK";""
"e6f1697e-e823-476a-ac0d-f9211c9936ed";"10af27b6-820d-4142-a168-b43e8f261518";"2026-03-30";"17";"WORK";""
"3a8be31c-2715-4e21-ba40-7a43bacf0885";"27d83b80-0073-41d6-82f3-c7c9dc341db8";"2026-03-31";"-10";"WORK";""
"bcdd0d50-ea80-4272-b50c-3219bc30e910";"01f9409f-d074-4c85-b8aa-96be02f6ba07";"2026-03-31";"-173";"WORK";""
"cd0f2130-a867-42f4-bb04-f2aa406bbd93";"10af27b6-820d-4142-a168-b43e8f261518";"2026-03-31";"-15";"WORK";""
"2cfad70a-2aa6-426a-b546-64c6db25cb09";"01f9409f-d074-4c85-b8aa-96be02f6ba07";"2026-04-01";"4";"WORK";""
"2e80a47e-d8bd-47b9-b1c8-4209afd8c09e";"27d83b80-0073-41d6-82f3-c7c9dc341db8";"2026-04-01";"-31";"WORK";""
"e7fa88ad-d64d-4b58-8789-5c17aafa747f";"6c62ccbf-5719-4a03-89cf-3506e5200dd2";"2026-04-01";"-212";"WORK";""
"2842f5ee-eb21-4e7d-adcb-949627233005";"10af27b6-820d-4142-a168-b43e8f261518";"2026-04-01";"-108";"WORK";""
"1ab0128e-b59d-4a7a-b416-d29a6e55b0de";"27d83b80-0073-41d6-82f3-c7c9dc341db8";"2026-04-02";"7";"WORK";""
"b0e3e40a-fa23-4805-91f3-c86ff3aade95";"27d83b80-0073-41d6-82f3-c7c9dc341db8";"2026-04-02";"7";"WORK";""
"46de6163-ae27-4bea-bb1e-0e418aca0f1a";"27d83b80-0073-41d6-82f3-c7c9dc341db8";"2026-04-02";"7";"WORK";""
"165c4ef8-8c99-4ccc-9571-5312d67b4868";"27d83b80-0073-41d6-82f3-c7c9dc341db8";"2026-04-02";"7";"WORK";""
"cd2044a2-4d36-4e3b-994d-fe5466863c1d";"10af27b6-820d-4142-a168-b43e8f261518";"2026-04-02";"-25";"WORK";""
"40471322-ce31-40fb-8249-d193cbf66578";"01f9409f-d074-4c85-b8aa-96be02f6ba07";"2026-04-02";"0";"WORK";""
"e9cffbde-e173-47b5-bb69-1a0ba5bae982";"6c62ccbf-5719-4a03-89cf-3506e5200dd2";"2026-04-02";"675";"ADJUSTMENT";"Não consegui bater a saída por conta da Páscoa Petrópolis"
"3c12b77e-57c5-4316-acf4-8212bce15c82";"6c62ccbf-5719-4a03-89cf-3506e5200dd2";"2026-04-03";"480";"ADJUSTMENT";"Horas Extras trabalho feriado"
"52ea3d46-7140-441a-b5d6-74b67b2b8ab5";"27d83b80-0073-41d6-82f3-c7c9dc341db8";"2026-04-03";"0";"HOLIDAY";""
"792bdedd-c4c1-443f-a399-727a754c4960";"6c62ccbf-5719-4a03-89cf-3506e5200dd2";"2026-04-03";"500";"ADJUSTMENT";"Não consegui bater o ponto por estar na Páscoa Petrópolis"
"e08b9815-0aa8-4750-99f7-66e63bd44b76";"10af27b6-820d-4142-a168-b43e8f261518";"2026-04-03";"0";"HOLIDAY";""
"16d1e6e0-7e73-4c86-a228-ec92253de686";"01f9409f-d074-4c85-b8aa-96be02f6ba07";"2026-04-03";"0";"HOLIDAY";""
"f39bb3c5-bfab-4904-b075-fde3ee3024af";"01f9409f-d074-4c85-b8aa-96be02f6ba07";"2026-04-04";"411";"WORK";""
"6bb24326-e9c7-4528-94b8-61c81457caf6";"6c62ccbf-5719-4a03-89cf-3506e5200dd2";"2026-04-04";"600";"ADJUSTMENT";"Não consegui bater o ponto por estar na Páscoa Petrópolis"
"2453d192-8888-4160-89d4-d109c673efe9";"27d83b80-0073-41d6-82f3-c7c9dc341db8";"2026-04-04";"-50";"WORK";""
"5f7bf9ab-e603-470e-82d7-e546b9b00de6";"10af27b6-820d-4142-a168-b43e8f261518";"2026-04-04";"-11";"WORK";""
"04477e13-9bf8-4f46-a872-7c5d1c9dfe1c";"6c62ccbf-5719-4a03-89cf-3506e5200dd2";"2026-04-05";"750";"ADJUSTMENT";"Não consegui bater o ponto por estar na Páscoa Petrópolis"
"fb3bd5ca-b545-4515-9ca4-fbe1e4d45996";"6c62ccbf-5719-4a03-89cf-3506e5200dd2";"2026-04-05";"480";"ADJUSTMENT";"Horas Extras Trabalho Domingo Páscoa"
"a01303dd-b159-4dfc-9a03-3b24fb552a50";"6c62ccbf-5719-4a03-89cf-3506e5200dd2";"2026-04-06";"660";"ADJUSTMENT";"Não consegui bater a saída por estar no Centro Alceu fazendo evento"
"5d5d10cb-715e-402a-9370-9be5d45f9108";"10af27b6-820d-4142-a168-b43e8f261518";"2026-04-06";"19";"WORK";""
"74c8a705-6ebf-45e2-887d-fec0e7aca8b0";"27d83b80-0073-41d6-82f3-c7c9dc341db8";"2026-04-06";"166";"WORK";""
"c3e9822c-19fd-4b2a-a1a0-9c5c2076697b";"27d83b80-0073-41d6-82f3-c7c9dc341db8";"2026-04-07";"-209";"WORK";""
"1b7a6987-ac7c-4b1b-9f83-df5dd5e49316";"01f9409f-d074-4c85-b8aa-96be02f6ba07";"2026-04-07";"34";"WORK";""
"8d2c9ebf-a71f-4d3a-b7ca-f575e7553331";"10af27b6-820d-4142-a168-b43e8f261518";"2026-04-07";"4";"WORK";""
"abf1b46f-5575-4330-b495-ed6722da5e71";"6c62ccbf-5719-4a03-89cf-3506e5200dd2";"2026-04-07";"180";"ADJUSTMENT";"Dia em que me senti mal. Não lembrei de bater a saída para ir ao médico."
"969ad0d6-26f3-4f7d-aa2e-c4664b0e3dde";"01f9409f-d074-4c85-b8aa-96be02f6ba07";"2026-04-08";"20";"WORK";""
"82eebda0-3ea4-40fe-84f1-5eb542efcefe";"6c62ccbf-5719-4a03-89cf-3506e5200dd2";"2026-04-08";"0";"MEDICAL";"Atestado Médico"
"8cd0cd5c-3944-4c34-ae51-53782a0a53c6";"10af27b6-820d-4142-a168-b43e8f261518";"2026-04-08";"-23";"WORK";""
"b9e3c97c-807d-4ec5-a1cf-f9e276d21121";"27d83b80-0073-41d6-82f3-c7c9dc341db8";"2026-04-08";"-4";"WORK";""
"b9228016-4fe3-4bc3-956b-11407c7224b2";"27d83b80-0073-41d6-82f3-c7c9dc341db8";"2026-04-09";"480";"ADJUSTMENT";"Batida deletada"
"173fb36e-da21-4c88-a2e7-140f8bd75f3e";"01f9409f-d074-4c85-b8aa-96be02f6ba07";"2026-04-09";"24";"WORK";""
"768292f8-5ae7-4ace-9456-e9693a830abb";"10af27b6-820d-4142-a168-b43e8f261518";"2026-04-09";"480";"ADJUSTMENT";"Batida deletada"
"bc911329-541a-4368-bb2f-9a1a3a089ab0";"6c62ccbf-5719-4a03-89cf-3506e5200dd2";"2026-04-09";"270";"ADJUSTMENT";"Esqueci de bater o ponto e fiz semana inglesa para ir ao jogo do Botafogo."
"45108e5e-ec2d-4b8a-9045-c4f9992f0b9f";"01f9409f-d074-4c85-b8aa-96be02f6ba07";"2026-04-10";"360";"ADJUSTMENT";"esquecimento ponto"
"0d84ea2c-ab56-41c2-9b11-f324277c08df";"27d83b80-0073-41d6-82f3-c7c9dc341db8";"2026-04-10";"2";"WORK";""
"0664abe0-0079-477c-ba39-7e040628ad06";"6c62ccbf-5719-4a03-89cf-3506e5200dd2";"2026-04-10";"6";"WORK";""
"1601d60e-1db9-4c58-b22a-8c310628cf69";"10af27b6-820d-4142-a168-b43e8f261518";"2026-04-10";"-44";"WORK";""
"87e734a8-079d-4d4f-8bb2-e07b4c848829";"27d83b80-0073-41d6-82f3-c7c9dc341db8";"2026-04-11";"-16";"WORK";""
"795c6aaf-f697-4d1c-bd66-fc92c7fc43aa";"01f9409f-d074-4c85-b8aa-96be02f6ba07";"2026-04-11";"330";"ADJUSTMENT";"Trabalho Externo"
"bb754320-9417-4123-a845-b26155e0dbba";"10af27b6-820d-4142-a168-b43e8f261518";"2026-04-11";"-9";"WORK";""
"f4e64acc-fbb1-48f1-87e3-05c4d898c419";"10af27b6-820d-4142-a168-b43e8f261518";"2026-04-11";"-9";"WORK";""
"87be1b58-2bc8-4d0e-aadc-e270e494a950";"10af27b6-820d-4142-a168-b43e8f261518";"2026-04-13";"25";"WORK";""
"94a8d59a-5656-4923-b317-66ff51d2da5f";"27d83b80-0073-41d6-82f3-c7c9dc341db8";"2026-04-13";"34";"WORK";""
"9837177a-7b14-4822-be26-cc67f1beb8d6";"6c62ccbf-5719-4a03-89cf-3506e5200dd2";"2026-04-13";"24";"WORK";""
"ebd4069c-7d9c-4e94-b229-6259986b65eb";"01f9409f-d074-4c85-b8aa-96be02f6ba07";"2026-04-14";"480";"ADJUSTMENT";"trabalho externo feira Criativaidade"
"60e46b5c-2a96-46c8-8ff9-cbcb65183dbd";"27d83b80-0073-41d6-82f3-c7c9dc341db8";"2026-04-14";"480";"ADJUSTMENT";"Esquecimento"
"34310ff8-e335-47f9-9c68-c0ad0065f23b";"10af27b6-820d-4142-a168-b43e8f261518";"2026-04-14";"0";"OFF_DAY";"Folga antecipada referente feriado de 21/04"
"34725e29-2e00-4403-82f5-a64fe8e7a975";"6c62ccbf-5719-4a03-89cf-3506e5200dd2";"2026-04-14";"180";"ADJUSTMENT";"Não lembrei de bater a saída. Trabalhei menos por conta da consulta com o médico e para participar de um evento no Serrano."
"5bdcc73f-dca5-4d6f-8d42-901cc5dc0009";"6c62ccbf-5719-4a03-89cf-3506e5200dd2";"2026-04-15";"55";"WORK";""
"5021d803-ba2d-4d3d-9c12-9bf998cf0563";"01f9409f-d074-4c85-b8aa-96be02f6ba07";"2026-04-15";"360";"ADJUSTMENT";"Trabalho externo Feira Criativaidade"
"fde27eda-79a2-4344-b931-8be767ac112b";"27d83b80-0073-41d6-82f3-c7c9dc341db8";"2026-04-15";"-17";"WORK";""
"8eedbdab-7976-48b3-aa35-50ed133ccf8b";"10af27b6-820d-4142-a168-b43e8f261518";"2026-04-15";"0";"MEDICAL";"Atestado Médico"
"2ec04120-8c4f-4326-991b-e54fd04c42fb";"6c62ccbf-5719-4a03-89cf-3506e5200dd2";"2026-04-16";"520";"ADJUSTMENT";"Esqueci de bater a volta do almoço."
"cb83e639-caa0-4330-83b5-2caf8d6c6004";"10af27b6-820d-4142-a168-b43e8f261518";"2026-04-16";"-18";"WORK";""
"0bbee9e6-140c-4b12-b864-277e5ed58685";"27d83b80-0073-41d6-82f3-c7c9dc341db8";"2026-04-16";"-23";"WORK";""
"121790bb-0be3-4294-90ab-bdba49673c9e";"01f9409f-d074-4c85-b8aa-96be02f6ba07";"2026-04-16";"15";"WORK";""
"7286d006-9e5b-4838-a828-308edb288e0b";"01f9409f-d074-4c85-b8aa-96be02f6ba07";"2026-04-17";"-18";"WORK";""
"1d3a42af-4cad-4833-8cc8-fee9dd7baad9";"10af27b6-820d-4142-a168-b43e8f261518";"2026-04-17";"-8";"WORK";""
"86f3ebd6-8ded-4a17-9f3c-2a0990cb7f32";"27d83b80-0073-41d6-82f3-c7c9dc341db8";"2026-04-17";"4";"WORK";""
"3c4cc62e-cd24-4fba-a058-1b6403ad243a";"6c62ccbf-5719-4a03-89cf-3506e5200dd2";"2026-04-17";"-36";"WORK";""
"f71d36ad-f089-4ae8-a2bd-d11d4ec93289";"27d83b80-0073-41d6-82f3-c7c9dc341db8";"2026-04-18";"-42";"WORK";""
"d4a6aea2-2fcb-4a80-a522-4b52e1af9625";"10af27b6-820d-4142-a168-b43e8f261518";"2026-04-18";"-15";"WORK";""
"01e8aac4-ca22-40fe-91f0-94b98e6ce509";"10af27b6-820d-4142-a168-b43e8f261518";"2026-04-20";"0";"OFF_DAY";"folga feriado trabalhado Tiradentes"
"5a75c3b7-fb7a-45bd-8b28-c5362ef881f8";"27d83b80-0073-41d6-82f3-c7c9dc341db8";"2026-04-20";"222";"WORK";""
"42f5f638-b0b4-4853-961c-b950324b7177";"01f9409f-d074-4c85-b8aa-96be02f6ba07";"2026-04-20";"2";"WORK";""
"89c5bd79-fb59-42f4-ac61-546c1ca0bcc3";"6c62ccbf-5719-4a03-89cf-3506e5200dd2";"2026-04-21";"0";"HOLIDAY";"Tiradentes"
"1449004d-a3cd-47cb-aa56-29d910d46eaa";"27d83b80-0073-41d6-82f3-c7c9dc341db8";"2026-04-21";"-50";"WORK";""
"533c769f-02d2-4fe4-82fd-fd813593c81a";"10af27b6-820d-4142-a168-b43e8f261518";"2026-04-21";"-63";"WORK";""
"75c360bc-ba7b-4749-930f-c3e80fbf3b93";"01f9409f-d074-4c85-b8aa-96be02f6ba07";"2026-04-21";"0";"HOLIDAY";"Tiradentes"
"64022cfd-3936-4e47-8e0a-bdf13166f9dc";"10af27b6-820d-4142-a168-b43e8f261518";"2026-04-22";"-223";"WORK";""
"3c9a07a9-0379-4a6c-a8d6-c64e50d9ef5b";"27d83b80-0073-41d6-82f3-c7c9dc341db8";"2026-04-22";"480";"ADJUSTMENT";"Erro ponto"
"c3837def-c983-418e-8c66-018ab077acf0";"01f9409f-d074-4c85-b8aa-96be02f6ba07";"2026-04-22";"3";"WORK";""
"67a5d8f0-fb24-4a17-b67a-eadd807d9b97";"6c62ccbf-5719-4a03-89cf-3506e5200dd2";"2026-04-22";"-8";"WORK";""
"2b17a5e4-ed12-432c-927e-da560589801a";"10af27b6-820d-4142-a168-b43e8f261518";"2026-04-23";"0";"HOLIDAY";"Feriado São jorge"
"5ca5a05e-e087-4685-9b99-a4e428e2cb4b";"01f9409f-d074-4c85-b8aa-96be02f6ba07";"2026-04-23";"0";"HOLIDAY";"Feriado São Joge"
"eb563f35-77f1-4050-9f14-55f665911705";"27d83b80-0073-41d6-82f3-c7c9dc341db8";"2026-04-23";"-55";"WORK";""
"3e1b770d-5489-41f5-9882-a904d64de2e2";"6c62ccbf-5719-4a03-89cf-3506e5200dd2";"2026-04-23";"-20";"WORK";""
"fd578381-5723-49ef-9834-a1d0498c12cd";"01f9409f-d074-4c85-b8aa-96be02f6ba07";"2026-04-24";"20";"WORK";""
"26827c32-e2b7-41aa-8e4c-3463d82da618";"27d83b80-0073-41d6-82f3-c7c9dc341db8";"2026-04-24";"-204";"WORK";""
"b6c9fdca-b09b-454f-b079-0e578b769bce";"6c62ccbf-5719-4a03-89cf-3506e5200dd2";"2026-04-24";"14";"WORK";""
"690f0d20-cce4-4d4c-8471-9a04586a390d";"10af27b6-820d-4142-a168-b43e8f261518";"2026-04-25";"11";"WORK";""
"02bd4af3-6eb0-4a3e-9576-58faf69b34ef";"27d83b80-0073-41d6-82f3-c7c9dc341db8";"2026-04-25";"14";"WORK";""
"14e1ec44-f914-497f-9c90-1a563d940d57";"01f9409f-d074-4c85-b8aa-96be02f6ba07";"2026-04-27";"11";"WORK";""
"fd425370-bbb1-47fd-9687-6d96e1b665ab";"27d83b80-0073-41d6-82f3-c7c9dc341db8";"2026-04-27";"25";"WORK";""
"33685d44-c17e-4e41-aff6-dedefebf04a4";"10af27b6-820d-4142-a168-b43e8f261518";"2026-04-27";"28";"WORK";""
"777477d0-ffa3-4fe9-a17a-8df17ad964b4";"6c62ccbf-5719-4a03-89cf-3506e5200dd2";"2026-04-27";"35";"WORK";""
"04fd1f22-d4d9-44d0-a0d0-b44cd36443c6";"01f9409f-d074-4c85-b8aa-96be02f6ba07";"2026-04-28";"360";"ADJUSTMENT";"Esquecimentos"
"4e3e153a-f701-4a0f-819a-b981c4c4a614";"27d83b80-0073-41d6-82f3-c7c9dc341db8";"2026-04-28";"-19";"WORK";""
"edfdc579-70f6-4c20-b962-6790c1ff783a";"10af27b6-820d-4142-a168-b43e8f261518";"2026-04-28";"-8";"WORK";""
"7e135ea5-f981-4889-9827-6d0c299f9a27";"6c62ccbf-5719-4a03-89cf-3506e5200dd2";"2026-04-28";"24";"WORK";""
"2a4d2063-e725-484e-9024-ba18e7cc51b4";"6c62ccbf-5719-4a03-89cf-3506e5200dd2";"2026-04-29";"0";"OFF_DAY";"Folga Compensatória - Feriado 23/04"
"924d0caf-7d28-4225-b1c0-24cb2235544f";"01f9409f-d074-4c85-b8aa-96be02f6ba07";"2026-04-29";"6";"WORK";""
"db279d9f-fa03-44bd-b94d-e319b4af1e7a";"27d83b80-0073-41d6-82f3-c7c9dc341db8";"2026-04-29";"-37";"WORK";""
"4581d9c1-c567-472c-8495-79f6e204dd6a";"10af27b6-820d-4142-a168-b43e8f261518";"2026-04-29";"-9";"WORK";""
"4e9f2d3c-52c2-4818-b79e-cd15fed23bfb";"10af27b6-820d-4142-a168-b43e8f261518";"2026-04-30";"-8";"WORK";""
"2d56af3b-c47f-46f9-a699-b25908ef241d";"01f9409f-d074-4c85-b8aa-96be02f6ba07";"2026-04-30";"-32";"WORK";""
"4fe39f73-6adb-4fa5-b050-aa5ac54b131e";"6c62ccbf-5719-4a03-89cf-3506e5200dd2";"2026-04-30";"41";"WORK";""
"80b9d72a-fa52-42d6-b651-9370612f4057";"27d83b80-0073-41d6-82f3-c7c9dc341db8";"2026-04-30";"14";"WORK";""
"8f2932b8-ee96-4ebc-828e-dc44ca9f3de1";"01f9409f-d074-4c85-b8aa-96be02f6ba07";"2026-05-01";"0";"HOLIDAY";"Feriado 1º de Maio"
"2e47050b-cb04-4e70-835e-c10f947a60df";"6c62ccbf-5719-4a03-89cf-3506e5200dd2";"2026-05-01";"0";"HOLIDAY";"Feriado 1º de Maio"
"f2cfe3da-9b57-4347-a17e-efbd8f9e5258";"27d83b80-0073-41d6-82f3-c7c9dc341db8";"2026-05-01";"0";"HOLIDAY";"Feriado 1º de Maio"
"4ba03840-b940-4eff-b57f-6fea191966c8";"10af27b6-820d-4142-a168-b43e8f261518";"2026-05-01";"0";"HOLIDAY";"Feriado 1º de Maio"
"dff13f8d-8546-48da-b89f-a59ce219490b";"10af27b6-820d-4142-a168-b43e8f261518";"2026-05-02";"0";"WORK";""
"3cc73315-4409-4633-8295-8d308febef27";"6c62ccbf-5719-4a03-89cf-3506e5200dd2";"2026-05-02";"300";"ADJUSTMENT";"Semana Inglesa"
"0b43fa34-0a01-4f52-9148-a8b59ebda020";"27d83b80-0073-41d6-82f3-c7c9dc341db8";"2026-05-02";"3";"WORK";""
"302a897c-9a50-4222-a96e-a531c3b227eb";"01f9409f-d074-4c85-b8aa-96be02f6ba07";"2026-05-04";"3";"WORK";""
"038ecd7b-d4f8-4b14-955e-76616a973b4e";"10af27b6-820d-4142-a168-b43e8f261518";"2026-05-04";"22";"WORK";""
"f70c8c43-d51c-4041-9db1-30d415da5c77";"6c62ccbf-5719-4a03-89cf-3506e5200dd2";"2026-05-04";"15";"WORK";""
"bcfaa787-02d0-4fd8-ac49-4cc10e2def73";"27d83b80-0073-41d6-82f3-c7c9dc341db8";"2026-05-04";"48";"WORK";""
"d3aba0cd-d9bf-4679-96cd-635b2842b8ad";"6c62ccbf-5719-4a03-89cf-3506e5200dd2";"2026-05-05";"23";"WORK";""
"b442c744-809c-449a-aaae-6562dd3d3470";"27d83b80-0073-41d6-82f3-c7c9dc341db8";"2026-05-05";"0";"OFF_DAY";"Folga Compensatória - Domingo 03/05"
"9eb0fafe-6716-419c-af28-24bcf6409f84";"10af27b6-820d-4142-a168-b43e8f261518";"2026-05-05";"9";"WORK";""
"6ccf1fab-6f6d-4705-b11b-f0a6234a8c3d";"01f9409f-d074-4c85-b8aa-96be02f6ba07";"2026-05-05";"29";"WORK";""
"e382c4fd-cfd4-46a0-9d62-addbc107e0dd";"27d83b80-0073-41d6-82f3-c7c9dc341db8";"2026-05-06";"-26";"WORK";""
"1a54d585-000d-41ee-8d08-4f5f694a3a67";"6c62ccbf-5719-4a03-89cf-3506e5200dd2";"2026-05-06";"390";"ADJUSTMENT";"Semana Inglesa"
"f38d32ae-d69f-440c-a0a5-014a79a53cbb";"01f9409f-d074-4c85-b8aa-96be02f6ba07";"2026-05-06";"0";"WORK";""
"f73b71d1-3c03-42c8-8209-da68cc5a8a2e";"10af27b6-820d-4142-a168-b43e8f261518";"2026-05-06";"53";"WORK";""
"0672121a-21a0-4ef7-8bae-6dbc9f4e2a54";"10af27b6-820d-4142-a168-b43e8f261518";"2026-05-07";"-3";"WORK";""
"ad889664-4285-4ca8-a072-6ecddda8c45e";"6c62ccbf-5719-4a03-89cf-3506e5200dd2";"2026-05-07";"25";"WORK";""
"5ccc1113-18f2-4576-a91c-3c23ff8c280a";"27d83b80-0073-41d6-82f3-c7c9dc341db8";"2026-05-07";"-34";"WORK";""
"8f9bb3ac-58e9-4953-b480-233663efb302";"01f9409f-d074-4c85-b8aa-96be02f6ba07";"2026-05-07";"15";"WORK";""
"282c08a2-5d74-490b-8849-79f3e2c1d266";"6c62ccbf-5719-4a03-89cf-3506e5200dd2";"2026-05-08";"42";"WORK";""
"ab9f70c9-ebc7-44aa-b965-6c82e498d3dd";"27d83b80-0073-41d6-82f3-c7c9dc341db8";"2026-05-08";"-17";"WORK";""
"e28ec14b-94ab-4f3a-8c50-903ac9f913a7";"01f9409f-d074-4c85-b8aa-96be02f6ba07";"2026-05-08";"10";"WORK";""
"a2235c3a-b1bb-4e5d-8158-c0ec5335fc4d";"10af27b6-820d-4142-a168-b43e8f261518";"2026-05-08";"-12";"WORK";""
"30cc0dc2-2f07-4e87-88ca-1373f0f486fe";"27d83b80-0073-41d6-82f3-c7c9dc341db8";"2026-05-09";"-27";"WORK";""
"b6853f7e-8dc6-4064-8afd-fd658d50976d";"10af27b6-820d-4142-a168-b43e8f261518";"2026-05-09";"-17";"WORK";""
"af071030-a26f-42d3-830c-8837988c6859";"6c62ccbf-5719-4a03-89cf-3506e5200dd2";"2026-05-09";"56";"WORK";""
"b0dc8800-6a8b-438f-82c2-b38dc3ae25ee";"10af27b6-820d-4142-a168-b43e8f261518";"2026-05-11";"31";"WORK";""
"8a103e15-5093-4445-b34f-439748f5d0a2";"01f9409f-d074-4c85-b8aa-96be02f6ba07";"2026-05-11";"24";"WORK";""
"7073b992-0eda-4fa4-86dd-3067cff9f782";"27d83b80-0073-41d6-82f3-c7c9dc341db8";"2026-05-11";"27";"WORK";""
"81097ad0-f8a1-42b8-90c6-c15483cbf404";"6c62ccbf-5719-4a03-89cf-3506e5200dd2";"2026-05-11";"22";"WORK";""
"413d02ad-26c6-4de2-90d1-8d912ac1d04a";"10af27b6-820d-4142-a168-b43e8f261518";"2026-05-12";"-16";"WORK";""
"325ebada-b49b-4171-bf16-f6ce779fa5bf";"01f9409f-d074-4c85-b8aa-96be02f6ba07";"2026-05-12";"16";"WORK";""
"7de1f3b4-d74b-4963-a640-f72ab6f807ff";"27d83b80-0073-41d6-82f3-c7c9dc341db8";"2026-05-12";"-21";"WORK";""
"825daac3-e59b-4d52-8f38-9bf6a6b31ac1";"6c62ccbf-5719-4a03-89cf-3506e5200dd2";"2026-05-12";"34";"WORK";""
"66a55141-3361-41ab-a871-8d009d476400";"27d83b80-0073-41d6-82f3-c7c9dc341db8";"2026-05-13";"-22";"WORK";""
"2cc9bc22-1092-4776-b8ca-0f3557e48c97";"6c62ccbf-5719-4a03-89cf-3506e5200dd2";"2026-05-13";"51";"WORK";""
"6078d3a1-bfb2-4e02-ad18-0fac116f27a4";"01f9409f-d074-4c85-b8aa-96be02f6ba07";"2026-05-13";"1";"WORK";""
"7b173c47-d91a-4594-9728-450ef991b680";"10af27b6-820d-4142-a168-b43e8f261518";"2026-05-13";"-8";"WORK";""
"5f12c3a5-df6b-4951-b4f2-7eb8e284eba8";"6c62ccbf-5719-4a03-89cf-3506e5200dd2";"2026-05-14";"30";"WORK";""
"98b26e4b-1693-4e26-bb2f-8b45e368b24b";"01f9409f-d074-4c85-b8aa-96be02f6ba07";"2026-05-14";"1";"WORK";""
"6ecbb58e-e153-435c-bf0b-d6528c0dab5b";"27d83b80-0073-41d6-82f3-c7c9dc341db8";"2026-05-14";"-13";"WORK";""
"4de594f7-0705-44f0-bd52-829d7635060c";"10af27b6-820d-4142-a168-b43e8f261518";"2026-05-14";"-11";"WORK";""
"302f44b7-f196-42f9-8ec4-82d29caac7a9";"6c62ccbf-5719-4a03-89cf-3506e5200dd2";"2026-05-15";"14";"WORK";""
"4c58b2bc-91b8-468a-9fca-7e9a20ea02b2";"01f9409f-d074-4c85-b8aa-96be02f6ba07";"2026-05-15";"0";"WORK";""
"e1745598-6613-4da2-b8dd-344b2b564919";"10af27b6-820d-4142-a168-b43e8f261518";"2026-05-15";"-5";"WORK";""
"c6af6f0e-f2d6-43b4-9a95-f3b1bd529f05";"27d83b80-0073-41d6-82f3-c7c9dc341db8";"2026-05-15";"-11";"WORK";""
"b67226ba-88d6-445d-8cfe-a45afd9b4418";"10af27b6-820d-4142-a168-b43e8f261518";"2026-05-16";"-3";"WORK";""
"dfd090d0-7af8-4d8e-93bc-66b515efb5b2";"27d83b80-0073-41d6-82f3-c7c9dc341db8";"2026-05-16";"-23";"WORK";""
"f1d280d6-3a0b-4059-83d5-d0812c8a5dd0";"01f9409f-d074-4c85-b8aa-96be02f6ba07";"2026-05-18";"2";"WORK";""
"2338e963-b1f9-4c42-9b78-1907a1876795";"6c62ccbf-5719-4a03-89cf-3506e5200dd2";"2026-05-18";"9";"WORK";""
"b4203b2d-7619-48d7-b295-f6d81d022623";"27d83b80-0073-41d6-82f3-c7c9dc341db8";"2026-05-18";"22";"WORK";""
"38f07306-8f19-4d48-bd5c-08afe1a31b05";"6c62ccbf-5719-4a03-89cf-3506e5200dd2";"2026-05-19";"30";"WORK";""
"833e7e36-2938-4a38-933b-1e4da3ea6ee7";"27d83b80-0073-41d6-82f3-c7c9dc341db8";"2026-05-19";"-25";"WORK";""
"143d3c48-ce98-4360-82ee-954692a2773e";"10af27b6-820d-4142-a168-b43e8f261518";"2026-05-19";"-14";"WORK";""
"f0ae43ea-cdb2-4fa2-86b2-42c26e497dcb";"01f9409f-d074-4c85-b8aa-96be02f6ba07";"2026-05-19";"7";"WORK";""
"d3eea39e-f340-4812-a320-6464a3141d1a";"27d83b80-0073-41d6-82f3-c7c9dc341db8";"2026-05-20";"480";"ADJUSTMENT";"Erro batidas"
"5dda5a89-50b9-4391-aac6-0114dbdb84c7";"6c62ccbf-5719-4a03-89cf-3506e5200dd2";"2026-05-20";"480";"ADJUSTMENT";"Esqueci de bater o ponto"
"25181381-c590-4579-bb06-78d2a8c51d21";"10af27b6-820d-4142-a168-b43e8f261518";"2026-05-20";"-21";"WORK";""
"76768de6-c1ee-4d1a-8c0d-8ee92864b5fb";"10af27b6-820d-4142-a168-b43e8f261518";"2026-05-21";"-5";"WORK";""
"e5e71c07-ccec-46bd-8d84-0f61ebd6e655";"01f9409f-d074-4c85-b8aa-96be02f6ba07";"2026-05-21";"0";"WORK";""
"b354009f-8ec0-4656-9dc4-2c67c66e8ee3";"6c62ccbf-5719-4a03-89cf-3506e5200dd2";"2026-05-21";"33";"WORK";""
"58751c27-f45d-41a6-ad57-f59c50256dcc";"27d83b80-0073-41d6-82f3-c7c9dc341db8";"2026-05-21";"-25";"WORK";""
"a7bfdbb4-fc68-458f-9293-4af83747e287";"6c62ccbf-5719-4a03-89cf-3506e5200dd2";"2026-05-22";"33";"WORK";""
"36092c01-5c36-4d0f-a673-544ccb50c790";"27d83b80-0073-41d6-82f3-c7c9dc341db8";"2026-05-22";"6";"WORK";""
"fed4c0c8-698d-42a8-a568-0093898190d6";"10af27b6-820d-4142-a168-b43e8f261518";"2026-05-22";"-2";"WORK";""
"6053296c-c910-4a4b-a811-aa26f1392f27";"01f9409f-d074-4c85-b8aa-96be02f6ba07";"2026-05-22";"120";"ADJUSTMENT";"Escala reduzida"
"ccab9c7d-465e-4c2e-8847-616913de4462";"6c62ccbf-5719-4a03-89cf-3506e5200dd2";"2026-05-23";"-120";"WORK";""
"bb2ff434-8ea1-48f5-847b-54631987510a";"27d83b80-0073-41d6-82f3-c7c9dc341db8";"2026-05-23";"480";"ADJUSTMENT";"Esquecimento"
"55b0fa1a-a3a1-4d79-a706-704f07b53997";"10af27b6-820d-4142-a168-b43e8f261518";"2026-05-23";"-7";"WORK";""
"f04a115d-8da1-4646-8d49-c3e07d2fccc7";"6c62ccbf-5719-4a03-89cf-3506e5200dd2";"2026-05-25";"43";"WORK";""
"1a602027-b047-47a5-a9ad-119f542e8f20";"27d83b80-0073-41d6-82f3-c7c9dc341db8";"2026-05-25";"34";"WORK";""
"ef4c9bd7-c38a-42e7-8a7d-29e619f89d6a";"01f9409f-d074-4c85-b8aa-96be02f6ba07";"2026-05-25";"111";"WORK";""
"17007a33-e133-45ed-bf3d-f6a23293f055";"10af27b6-820d-4142-a168-b43e8f261518";"2026-05-25";"19";"WORK";""
"a1712a1b-7271-4b81-bdf9-177643f49b4b";"27d83b80-0073-41d6-82f3-c7c9dc341db8";"2026-05-26";"-31";"WORK";""
"d7c50fb1-49fa-4d6f-96c7-1d6c39487f9a";"6c62ccbf-5719-4a03-89cf-3506e5200dd2";"2026-05-26";"31";"WORK";""
"883935b4-e5c1-4795-af13-8051f186b382";"10af27b6-820d-4142-a168-b43e8f261518";"2026-05-26";"-17";"WORK";""
"1050e3da-28b4-4927-8f22-ec15187f6353";"01f9409f-d074-4c85-b8aa-96be02f6ba07";"2026-05-26";"4";"WORK";""
"613b3015-4808-4c91-bccb-b9ed4542b162";"01f9409f-d074-4c85-b8aa-96be02f6ba07";"2026-05-27";"3";"WORK";""
"cdbd1af8-36bd-42f8-aa11-15406213d605";"27d83b80-0073-41d6-82f3-c7c9dc341db8";"2026-05-27";"46";"WORK";""
"1baa4d97-06ae-4b88-b6a6-148f4fddac9c";"6c62ccbf-5719-4a03-89cf-3506e5200dd2";"2026-05-27";"10";"WORK";""
"ccd91c5e-ae8f-4fe0-95f1-54de1fbcf2e7";"10af27b6-820d-4142-a168-b43e8f261518";"2026-05-27";"-23";"WORK";""
"8707de04-be17-4bd9-a4ed-5ea38bb1efac";"6c62ccbf-5719-4a03-89cf-3506e5200dd2";"2026-05-28";"52";"WORK";""
"4717100c-a625-49c5-bd5d-169266c36fc3";"10af27b6-820d-4142-a168-b43e8f261518";"2026-05-28";"16";"WORK";""
"4e0569fa-edbe-4381-8100-ddbdf0ffdeb9";"01f9409f-d074-4c85-b8aa-96be02f6ba07";"2026-05-28";"-1";"WORK";""
"3a86d18f-7126-4dfb-8c37-fd529e136330";"27d83b80-0073-41d6-82f3-c7c9dc341db8";"2026-05-28";"24";"WORK";""
"8912dae7-e00a-4276-b416-91efb52c3bd9";"10af27b6-820d-4142-a168-b43e8f261518";"2026-05-29";"-20";"WORK";""
"2694d10f-9b53-457d-addb-b67b7e463b91";"01f9409f-d074-4c85-b8aa-96be02f6ba07";"2026-05-29";"139";"WORK";""
"c98d44b1-49c4-491c-aabc-385384142f0c";"27d83b80-0073-41d6-82f3-c7c9dc341db8";"2026-05-29";"-31";"WORK";""
"f0f02872-a190-4007-8af8-6a8b1c62c495";"6c62ccbf-5719-4a03-89cf-3506e5200dd2";"2026-05-29";"44";"WORK";""
"76b6fa83-7b08-4968-aba1-fabd80c03569";"27d83b80-0073-41d6-82f3-c7c9dc341db8";"2026-05-30";"26";"WORK";""
"0028054e-226e-4918-84b8-8b77918e489c";"10af27b6-820d-4142-a168-b43e8f261518";"2026-06-01";"7";"WORK";""
"1f782014-fccf-4533-9408-ed00276f293d";"01f9409f-d074-4c85-b8aa-96be02f6ba07";"2026-06-01";"-197";"WORK";""
"e8c0fb43-ba4d-403f-9773-2489112a0339";"27d83b80-0073-41d6-82f3-c7c9dc341db8";"2026-06-01";"65";"WORK";""
"3fd9d86f-6755-40c4-95b7-20804b0efe20";"6c62ccbf-5719-4a03-89cf-3506e5200dd2";"2026-06-01";"10";"WORK";""
"e3ea31b3-06b8-4aec-92d6-c99e43e97dc3";"10af27b6-820d-4142-a168-b43e8f261518";"2026-06-02";"-18";"WORK";""
"bc7e2e36-8b2e-4ca1-9d4e-d3b18249abd9";"27d83b80-0073-41d6-82f3-c7c9dc341db8";"2026-06-02";"-30";"WORK";""
"b2bfd627-27fc-44c2-9976-cc17aab8faa1";"6c62ccbf-5719-4a03-89cf-3506e5200dd2";"2026-06-02";"30";"WORK";""
"86a1ee2d-0919-4c9e-a89d-42874d03e073";"55d4b834-65d7-46a9-952d-e0915aa921b8";"2026-06-02";"-18";"WORK";""
"85a30860-6859-4ef2-bb8b-73fad230a219";"01f9409f-d074-4c85-b8aa-96be02f6ba07";"2026-06-02";"8";"WORK";""
"d6c0c843-2c8e-4ab2-bff9-91122abdb754";"10af27b6-820d-4142-a168-b43e8f261518";"2026-06-03";"-29";"WORK";""
"999863ef-0bdb-4324-8795-7320d7736bad";"27d83b80-0073-41d6-82f3-c7c9dc341db8";"2026-06-03";"-21";"WORK";""
"3adf78aa-2b26-4d1d-91b4-1b826aeeeae4";"55d4b834-65d7-46a9-952d-e0915aa921b8";"2026-06-03";"-219";"WORK";""
"0c85f27e-52dd-4ac6-b668-dd671f51fe64";"6c62ccbf-5719-4a03-89cf-3506e5200dd2";"2026-06-03";"-2";"WORK";""
"6df6c697-76f8-481f-a959-4e2d8c2fa972";"6c62ccbf-5719-4a03-89cf-3506e5200dd2";"2026-06-04";"-11";"WORK";""
"ccbc453b-5cae-4807-9908-a7882866d459";"10af27b6-820d-4142-a168-b43e8f261518";"2026-06-04";"-60";"WORK";""
"b1515835-aac3-484a-9f88-4536d5d7f2b0";"27d83b80-0073-41d6-82f3-c7c9dc341db8";"2026-06-05";"-56";"WORK";""
"64ee58a1-2d85-4b24-bc82-b5dbf3cc73d4";"6c62ccbf-5719-4a03-89cf-3506e5200dd2";"2026-06-05";"480";"ADJUSTMENT";"Esqueci de bater a volta do almoço"
"6fcdf27d-8191-444d-8474-1def357bb91d";"01f9409f-d074-4c85-b8aa-96be02f6ba07";"2026-06-05";"-6";"WORK";""
"f543c9a4-c1c3-432c-b3d7-b63983b2b730";"55d4b834-65d7-46a9-952d-e0915aa921b8";"2026-06-05";"-14";"WORK";""
"a3c53b6d-6837-42a8-aca7-d8c72b886886";"10af27b6-820d-4142-a168-b43e8f261518";"2026-06-06";"-20";"WORK";""
"db2e9645-2b0c-460c-a006-2c5ef01933f6";"55d4b834-65d7-46a9-952d-e0915aa921b8";"2026-06-06";"24";"WORK";""
"2af77e2b-0a9a-41c6-b36e-0f663752d248";"27d83b80-0073-41d6-82f3-c7c9dc341db8";"2026-06-06";"17";"WORK";""
"6ba512e4-c385-4759-ac63-085d1c666270";"10af27b6-820d-4142-a168-b43e8f261518";"2026-06-07";"432";"WORK";""
"41a27476-3c4d-42f9-860d-22a60da340e5";"6c62ccbf-5719-4a03-89cf-3506e5200dd2";"2026-06-07";"453";"WORK";""
"52f1e52e-1e78-4848-b4a6-cba0cd37b006";"6c62ccbf-5719-4a03-89cf-3506e5200dd2";"2026-06-08";"520";"ADJUSTMENT";"Esqueci de fechar o ponto"
"16ff9b4e-5c3e-4724-b48b-1eb13859d6e7";"55d4b834-65d7-46a9-952d-e0915aa921b8";"2026-06-08";"-14";"WORK";""
"7faf6a65-61a6-4275-a769-1a3c47f2d0fc";"27d83b80-0073-41d6-82f3-c7c9dc341db8";"2026-06-08";"40";"WORK";""
"81550256-f5d9-4d4c-bebd-6eb6fb7755fc";"6c62ccbf-5719-4a03-89cf-3506e5200dd2";"2026-06-09";"46";"WORK";""
"255a8254-bf96-4987-aa86-9742667b8ded";"10af27b6-820d-4142-a168-b43e8f261518";"2026-06-09";"-28";"WORK";""
"5afb7884-8572-4d64-90ba-a20e2b6d520e";"55d4b834-65d7-46a9-952d-e0915aa921b8";"2026-06-09";"-21";"WORK";""
"3ab4dd9c-fa5f-4828-afeb-88fdd4962584";"01f9409f-d074-4c85-b8aa-96be02f6ba07";"2026-06-09";"0";"MEDICAL";"Atestado"
"c47f55dd-3032-44a5-8c30-12bba6c0a19d";"27d83b80-0073-41d6-82f3-c7c9dc341db8";"2026-06-09";"-35";"WORK";""
"5520f120-890c-45d8-b446-096f79d7d588";"27d83b80-0073-41d6-82f3-c7c9dc341db8";"2026-06-10";"-26";"WORK";""
"4c5362a6-9459-4bab-a645-d7561f0fb5aa";"6c62ccbf-5719-4a03-89cf-3506e5200dd2";"2026-06-10";"-22";"WORK";""
"fc79c247-616b-429f-94c2-3304cbcc435c";"10af27b6-820d-4142-a168-b43e8f261518";"2026-06-10";"-24";"WORK";""
"e2712669-5bd8-4f75-aa13-0ee48714b7d6";"55d4b834-65d7-46a9-952d-e0915aa921b8";"2026-06-10";"-14";"WORK";""
"94b8651e-80a9-4ee0-a087-fefcbbdf87be";"01f9409f-d074-4c85-b8aa-96be02f6ba07";"2026-06-11";"13";"WORK";""
"00c23452-ce19-4a33-99cc-eba6d50cf841";"6c62ccbf-5719-4a03-89cf-3506e5200dd2";"2026-06-11";"41";"WORK";""
"60e13b36-a4d2-4ee9-a282-31ad06e5f9ea";"27d83b80-0073-41d6-82f3-c7c9dc341db8";"2026-06-11";"-72";"WORK";""
"a4b373c7-954b-4d38-8f67-424d7d738393";"55d4b834-65d7-46a9-952d-e0915aa921b8";"2026-06-11";"-21";"WORK";""
"f31ccfa8-f885-4575-a53b-8e0eabd7e354";"10af27b6-820d-4142-a168-b43e8f261518";"2026-06-11";"-19";"WORK";""
"898ba6b9-9bf4-4bde-884d-4e30568ce8d2";"27d83b80-0073-41d6-82f3-c7c9dc341db8";"2026-06-12";"-32";"WORK";""
"959fa843-2038-4c25-8c74-bb24accedc07";"55d4b834-65d7-46a9-952d-e0915aa921b8";"2026-06-12";"-19";"WORK";""
"ee256d46-f422-4467-bb89-6f31bfdff2e7";"6c62ccbf-5719-4a03-89cf-3506e5200dd2";"2026-06-12";"35";"WORK";""
"9b8b524a-c236-4144-83a2-7509b35ea0dd";"10af27b6-820d-4142-a168-b43e8f261518";"2026-06-12";"-19";"WORK";""
"669d3535-d9e4-43e1-b302-60765aacabfb";"01f9409f-d074-4c85-b8aa-96be02f6ba07";"2026-06-12";"9";"WORK";""
"428cfd9e-b853-4bdd-b1cd-1e658dcff5be";"10af27b6-820d-4142-a168-b43e8f261518";"2026-06-13";"-84";"WORK";""
"1c7a3a22-c4a4-4101-9f0a-d00716eaaf04";"6c62ccbf-5719-4a03-89cf-3506e5200dd2";"2026-06-13";"61";"WORK";""
"572f5cc4-3bcf-4020-9932-74460f82f62e";"27d83b80-0073-41d6-82f3-c7c9dc341db8";"2026-06-13";"-95";"WORK";""
"d5c7718f-d2bd-4ce5-b5dc-aff43608fe81";"55d4b834-65d7-46a9-952d-e0915aa921b8";"2026-06-13";"-75";"WORK";""
"b6400b97-d11c-4719-ae58-8cc27ade692f";"6c62ccbf-5719-4a03-89cf-3506e5200dd2";"2026-06-15";"36";"WORK";""
"3fcbb3ab-182c-4b78-826e-4922972b4a83";"01f9409f-d074-4c85-b8aa-96be02f6ba07";"2026-06-15";"-63";"WORK";""
"c0fe7fa7-31a7-454d-ad01-c97a6e969307";"10af27b6-820d-4142-a168-b43e8f261518";"2026-06-15";"18";"WORK";""
"910fd34e-689d-4734-8002-0b8735302ea0";"55d4b834-65d7-46a9-952d-e0915aa921b8";"2026-06-15";"-6";"WORK";""
"175da5be-db36-4cb9-86a1-95320cc3f5b5";"27d83b80-0073-41d6-82f3-c7c9dc341db8";"2026-06-15";"38";"WORK";""
"60fdc3ae-bc62-4e26-8a6f-459446da7610";"01f9409f-d074-4c85-b8aa-96be02f6ba07";"2026-06-16";"3";"WORK";""
"30a6c7ed-8103-4aa8-b3af-67f9e9b9498a";"10af27b6-820d-4142-a168-b43e8f261518";"2026-06-16";"-7";"WORK";""
"7474468a-b2ae-4fdb-a881-d75e3b4af81f";"27d83b80-0073-41d6-82f3-c7c9dc341db8";"2026-06-16";"-5";"WORK";""
"dddfde0f-6729-4576-8ffa-08dfa0a68b31";"6c62ccbf-5719-4a03-89cf-3506e5200dd2";"2026-06-16";"35";"WORK";""
"ae90ad81-e9e9-47cd-9c20-d0e0cbc97da1";"55d4b834-65d7-46a9-952d-e0915aa921b8";"2026-06-16";"-59";"WORK";""
"571f7df0-89e3-4153-9fcf-b47bcbe57de6";"27d83b80-0073-41d6-82f3-c7c9dc341db8";"2026-06-17";"-8";"WORK";""
"3bbc610f-1cd8-4070-b07f-be69cf74aecf";"6c62ccbf-5719-4a03-89cf-3506e5200dd2";"2026-06-17";"-146";"WORK";""
"f79a5e91-6cd6-45e4-82f4-4281b6fd6d1b";"10af27b6-820d-4142-a168-b43e8f261518";"2026-06-17";"-15";"WORK";""
"0aa7f142-1c53-400e-9ffa-c06d79f211fc";"01f9409f-d074-4c85-b8aa-96be02f6ba07";"2026-06-17";"-121";"WORK";""
"71fa2cde-45a6-438b-9808-556f8fc71e43";"01f9409f-d074-4c85-b8aa-96be02f6ba07";"2026-06-18";"111";"WORK";""
"df28893b-208d-437f-998e-2bc7bbcf18d3";"10af27b6-820d-4142-a168-b43e8f261518";"2026-06-18";"-3";"WORK";""
"d0ab7012-cb3d-4a99-a0b6-33ad7dbb3dfc";"6c62ccbf-5719-4a03-89cf-3506e5200dd2";"2026-06-18";"40";"WORK";""
"504d4348-227e-439c-bd5a-894d9a6ca70a";"6c62ccbf-5719-4a03-89cf-3506e5200dd2";"2026-06-19";"16";"WORK";""
"ed65b486-a327-4d10-a417-10e50d335c8b";"27d83b80-0073-41d6-82f3-c7c9dc341db8";"2026-06-19";"-285";"WORK";""
"af0e1b44-dda3-4362-997d-a5585db0ef8d";"01f9409f-d074-4c85-b8aa-96be02f6ba07";"2026-06-19";"14";"WORK";""
"0f8e7aa2-701c-4795-83f1-007faa27afab";"10af27b6-820d-4142-a168-b43e8f261518";"2026-06-20";"2";"WORK";""
"2854cd5f-11d1-4a81-a996-45786118acc4";"27d83b80-0073-41d6-82f3-c7c9dc341db8";"2026-06-20";"-74";"WORK";""
"b4f76d8c-0258-42d2-b6f8-7cc7ca246135";"6c62ccbf-5719-4a03-89cf-3506e5200dd2";"2026-06-20";"135";"ADJUSTMENT";"Semana Inglesa - Esqueci de fechar o ponto"
"4b420806-c836-4e63-8704-b7c11e65eb76";"6c62ccbf-5719-4a03-89cf-3506e5200dd2";"2026-06-21";"464";"WORK";""
"89cd2d31-69ee-4849-aa74-62984d4bd8f3";"55d4b834-65d7-46a9-952d-e0915aa921b8";"2026-06-21";"401";"WORK";""
"23d0f855-72c7-4587-ad84-b2f333103255";"10af27b6-820d-4142-a168-b43e8f261518";"2026-06-21";"413";"WORK";""
"6fb0f439-6c90-4a32-9555-a12638d7c21b";"01f9409f-d074-4c85-b8aa-96be02f6ba07";"2026-06-22";"55";"WORK";""
"542facb9-d25b-4de4-8746-c9e236c5402d";"27d83b80-0073-41d6-82f3-c7c9dc341db8";"2026-06-22";"22";"WORK";""
"8f07e056-fc4d-45b1-9395-cb0d7c587e98";"6c62ccbf-5719-4a03-89cf-3506e5200dd2";"2026-06-22";"115";"WORK";""
"ab773e3a-81dd-4e57-b3c6-1ac9197aa785";"10af27b6-820d-4142-a168-b43e8f261518";"2026-06-22";"18";"WORK";""
"9db0acf8-7834-4d2c-b31e-c32f79f9f0fa";"55d4b834-65d7-46a9-952d-e0915aa921b8";"2026-06-23";"-10";"WORK";""
"85125189-1336-4690-a789-a07c6365409b";"01f9409f-d074-4c85-b8aa-96be02f6ba07";"2026-06-23";"11";"WORK";""
"bbfcc700-8859-44a0-848b-219b4c9b9688";"6c62ccbf-5719-4a03-89cf-3506e5200dd2";"2026-06-23";"510";"ADJUSTMENT";"Esqueci de fechar o ponto"
"0ae6568a-9ada-48da-9130-ecb511409fa0";"10af27b6-820d-4142-a168-b43e8f261518";"2026-06-23";"-25";"WORK";""
"36d88efa-8717-42a8-9eba-48bad89b1471";"01f9409f-d074-4c85-b8aa-96be02f6ba07";"2026-06-24";"20";"WORK";""
"3c30f63a-6289-4451-a3c8-6a13b752033d";"10af27b6-820d-4142-a168-b43e8f261518";"2026-06-24";"-81";"WORK";""
"aa234a10-3fed-497c-a633-ed485875df17";"55d4b834-65d7-46a9-952d-e0915aa921b8";"2026-06-24";"-93";"WORK";""
"9460e316-4930-485e-a1f9-f26f21f18da5";"27d83b80-0073-41d6-82f3-c7c9dc341db8";"2026-06-24";"-84";"WORK";""
"87363124-ccff-485e-a9f2-919ee19b22b5";"10af27b6-820d-4142-a168-b43e8f261518";"2026-06-25";"-1";"WORK";""
"f74efbb0-0281-4359-a5e4-a5a1e6adb7d8";"27d83b80-0073-41d6-82f3-c7c9dc341db8";"2026-06-25";"-7";"WORK";""
"9e45a7a6-9e85-4a25-9bdc-81f0cc8384dd";"01f9409f-d074-4c85-b8aa-96be02f6ba07";"2026-06-25";"21";"WORK";""
"3bf70541-a3b6-4816-8f36-9ceca0ef1ee6";"55d4b834-65d7-46a9-952d-e0915aa921b8";"2026-06-25";"-12";"WORK";""
"42753e08-98c2-4660-b062-00be6c94bd72";"6c62ccbf-5719-4a03-89cf-3506e5200dd2";"2026-06-25";"57";"WORK";""
"383b5e1c-e130-4065-89e4-d960bd9a4b4a";"10af27b6-820d-4142-a168-b43e8f261518";"2026-06-26";"-3";"WORK";""
"4bf5ff7d-76a1-4207-83b2-091c03f94b83";"27d83b80-0073-41d6-82f3-c7c9dc341db8";"2026-06-26";"-19";"WORK";""
"7557d310-b953-474d-955c-b062181a50c0";"6c62ccbf-5719-4a03-89cf-3506e5200dd2";"2026-06-26";"46";"WORK";""
"66feb486-72ab-451d-bd06-601b107737dd";"01f9409f-d074-4c85-b8aa-96be02f6ba07";"2026-06-26";"74";"WORK";""
"0fb1f32a-8fe8-4dcb-9e38-5d1f2f2cbd57";"10af27b6-820d-4142-a168-b43e8f261518";"2026-06-27";"-11";"WORK";""
"0ba56ab9-ed21-4ffc-9c7a-61e4574e03cb";"27d83b80-0073-41d6-82f3-c7c9dc341db8";"2026-06-27";"-3";"WORK";""
"e1a2f2d9-8cb5-4ed4-8f8c-a8d68abc1133";"6c62ccbf-5719-4a03-89cf-3506e5200dd2";"2026-06-28";"480";"WORK";""
"0c6a30fe-a608-4104-9e32-b95d94c0aa8a";"6c62ccbf-5719-4a03-89cf-3506e5200dd2";"2026-06-28";"480";"WORK";""
"bcc6feb0-6d92-4ca5-9277-fc5a0620dc9a";"6c62ccbf-5719-4a03-89cf-3506e5200dd2";"2026-06-28";"480";"WORK";""
"c6acaf41-1d98-4ec2-bb99-486d559c045f";"6c62ccbf-5719-4a03-89cf-3506e5200dd2";"2026-06-28";"480";"WORK";""
"1b457e96-3335-45e0-b027-581274ad5c9d";"10af27b6-820d-4142-a168-b43e8f261518";"2026-06-29";"0";"HOLIDAY";"Feriado do Colono Alemão - Loja não abriu"
"642490cb-8fb4-448f-8a9c-d54eacb4540e";"6c62ccbf-5719-4a03-89cf-3506e5200dd2";"2026-06-29";"0";"HOLIDAY";"Feriado do Colono Alemão - Loja não abriu"
"d2524af0-3433-4694-a6b3-a3d0d2d6e5f1";"55d4b834-65d7-46a9-952d-e0915aa921b8";"2026-06-29";"0";"HOLIDAY";"Feriado do Colono Alemão - Loja não abriu"
"68f06b66-757b-4b58-b646-53b0d02abb91";"27d83b80-0073-41d6-82f3-c7c9dc341db8";"2026-06-29";"0";"HOLIDAY";"Feriado do Colono Alemão - Loja não abriu"
"21b5460e-fd73-4be9-8c1d-496ac6f53c02";"01f9409f-d074-4c85-b8aa-96be02f6ba07";"2026-06-29";"0";"HOLIDAY";"Feriado do Colono Alemão - Loja não abriu"
"813432b5-bc55-4b44-a727-9628bc7eeaed";"10af27b6-820d-4142-a168-b43e8f261518";"2026-06-30";"-9";"WORK";""
"631ba54d-7b64-4f0c-b664-366583db2736";"27d83b80-0073-41d6-82f3-c7c9dc341db8";"2026-06-30";"-197";"WORK";""
"bf6679f2-8e05-41c1-8b5a-9ea2d3fa66af";"6c62ccbf-5719-4a03-89cf-3506e5200dd2";"2026-06-30";"95";"WORK";""
"e2e1661a-969c-4cfa-ba83-7948fe14f24e";"55d4b834-65d7-46a9-952d-e0915aa921b8";"2026-06-30";"-12";"WORK";""
"9cfba640-5016-4929-b060-fc8cc7b14ee3";"01f9409f-d074-4c85-b8aa-96be02f6ba07";"2026-06-30";"18";"WORK";""
"09aeb5a8-f200-4fcc-ba03-ff5e09df4fb0";"6c62ccbf-5719-4a03-89cf-3506e5200dd2";"2026-07-01";"510";"ADJUSTMENT";"Esqueci de fechar o ponto"
"ccbeee32-4f1b-417e-b525-fecf4a75fe42";"55d4b834-65d7-46a9-952d-e0915aa921b8";"2026-07-01";"-64";"WORK";""
"9d78431d-1d78-4280-a6b8-bd94f5fa7fb8";"01f9409f-d074-4c85-b8aa-96be02f6ba07";"2026-07-01";"27";"WORK";""
"c8716431-c1ed-4067-a705-cd2f5552fd64";"10af27b6-820d-4142-a168-b43e8f261518";"2026-07-01";"2";"WORK";""
"37f10084-435c-42f4-b458-7068f96f37b4";"01f9409f-d074-4c85-b8aa-96be02f6ba07";"2026-07-02";"45";"WORK";""
"2acecfa2-31a8-4779-9580-6a315a52144d";"10af27b6-820d-4142-a168-b43e8f261518";"2026-07-02";"1";"WORK";""
"ee393ce3-adc7-4dda-b641-2fbc6de648a6";"55d4b834-65d7-46a9-952d-e0915aa921b8";"2026-07-02";"-8";"WORK";""
"3ef72f81-f181-46b1-bd7a-77e0a7ed8c80";"6c62ccbf-5719-4a03-89cf-3506e5200dd2";"2026-07-02";"510";"ADJUSTMENT";"Esqueci de bater a volta do almoço"
"be5ea081-cb81-484e-ba1e-cdee6484dbf7";"6c62ccbf-5719-4a03-89cf-3506e5200dd2";"2026-07-03";"26";"WORK";""
"10fa73a7-658e-4518-9434-37897551409a";"01f9409f-d074-4c85-b8aa-96be02f6ba07";"2026-07-03";"105";"WORK";""
"433a5c05-ec5d-4d09-ab3d-c2ba4dba1b5f";"10af27b6-820d-4142-a168-b43e8f261518";"2026-07-04";"-5";"WORK";""
"62c6d1b9-26e2-4ac1-ae62-c415539a3f02";"55d4b834-65d7-46a9-952d-e0915aa921b8";"2026-07-04";"3";"WORK";""
"03840009-f800-43ab-8f76-9de714113e9a";"10af27b6-820d-4142-a168-b43e8f261518";"2026-07-05";"327";"WORK";""
"e63bb64e-8637-4aba-89d0-8aec5e875368";"6c62ccbf-5719-4a03-89cf-3506e5200dd2";"2026-07-05";"344";"WORK";""
"2d1b7c12-6b39-4985-809a-dd0f3674bbad";"6c62ccbf-5719-4a03-89cf-3506e5200dd2";"2026-07-06";"36";"WORK";""
"b154237d-a486-4bcd-98f2-391087bf1d19";"01f9409f-d074-4c85-b8aa-96be02f6ba07";"2026-07-06";"39";"WORK";""
"8ec7dcb2-678a-4066-a846-78e0c2768a66";"10af27b6-820d-4142-a168-b43e8f261518";"2026-07-06";"-97";"WORK";""
"028a5a88-cc0f-4a60-8b22-0994af21a20a";"55d4b834-65d7-46a9-952d-e0915aa921b8";"2026-07-06";"23";"WORK";""
"9c0d3a25-5791-46b0-ba0a-60f764a829a5";"10af27b6-820d-4142-a168-b43e8f261518";"2026-07-07";"-8";"WORK";""
"87ad5964-95ca-42d1-ac9c-21250ae3faed";"6c62ccbf-5719-4a03-89cf-3506e5200dd2";"2026-07-07";"31";"WORK";""
"553e9c2b-b6cf-4891-b660-38643d9ed6a9";"55d4b834-65d7-46a9-952d-e0915aa921b8";"2026-07-07";"16";"WORK";""
"886a9135-489a-4b44-a4e0-28989e32823f";"01f9409f-d074-4c85-b8aa-96be02f6ba07";"2026-07-07";"166";"WORK";""
"1734855c-bbdb-4b22-885f-ba1d36ecd4f3";"6c62ccbf-5719-4a03-89cf-3506e5200dd2";"2026-07-08";"510";"ADJUSTMENT";"Esqueci de fechar o ponto no dia"
"8391d8c0-3061-45a9-89aa-79a1f8d6bac2";"01f9409f-d074-4c85-b8aa-96be02f6ba07";"2026-07-08";"34";"WORK";""
"ef40f64f-83b4-4102-8dc7-c6c026769e57";"10af27b6-820d-4142-a168-b43e8f261518";"2026-07-08";"-4";"WORK";""
"fb47ec74-6241-4cf3-a412-96005de408e4";"10af27b6-820d-4142-a168-b43e8f261518";"2026-07-09";"-9";"WORK";""
"173161ac-d350-4b43-a8eb-cb52a1d03211";"55d4b834-65d7-46a9-952d-e0915aa921b8";"2026-07-09";"253";"WORK";""
"e88bc39b-b573-46eb-a45c-52d29bd4c3d6";"01f9409f-d074-4c85-b8aa-96be02f6ba07";"2026-07-09";"-179";"WORK";""
"2054b717-e815-4289-ac6f-fae952e54d6e";"6c62ccbf-5719-4a03-89cf-3506e5200dd2";"2026-07-09";"285";"ADJUSTMENT";"Esqueci de fechar o ponto no dia"
"1f9069b3-4d09-4763-8b3a-c598669cbf24";"55d4b834-65d7-46a9-952d-e0915aa921b8";"2026-07-10";"-214";"WORK";""
"41d9fdf5-11f0-4267-b785-1db2974ae4fc";"10af27b6-820d-4142-a168-b43e8f261518";"2026-07-10";"-10";"WORK";""
"c28fbda1-c163-4643-82fb-fb69b02d18b8";"10af27b6-820d-4142-a168-b43e8f261518";"2026-07-11";"-4";"WORK";""
"b6b89fae-8fdb-4a70-820b-354ca0ac8a1b";"55d4b834-65d7-46a9-952d-e0915aa921b8";"2026-07-11";"-23";"WORK";""
"d819f70e-795c-4d5e-a27b-424d3ea5ce82";"6c62ccbf-5719-4a03-89cf-3506e5200dd2";"2026-07-13";"76";"WORK";""
"f3c0f88c-1830-4fcf-bad6-e6791ad0b819";"10af27b6-820d-4142-a168-b43e8f261518";"2026-07-13";"30";"WORK";""
"ace171b4-6feb-45c7-89aa-9a03eab9b32b";"55d4b834-65d7-46a9-952d-e0915aa921b8";"2026-07-13";"26";"WORK";""
"c183f556-c753-4307-af6f-932fb5bb620d";"10af27b6-820d-4142-a168-b43e8f261518";"2026-07-14";"-1";"WORK";""
"e1eda3d3-0262-460b-9ed0-b175df5fdae1";"6c62ccbf-5719-4a03-89cf-3506e5200dd2";"2026-07-14";"79";"WORK";""
"535747eb-aa8d-4cff-a5e4-22617493b1cd";"55d4b834-65d7-46a9-952d-e0915aa921b8";"2026-07-14";"18";"WORK";""
"448e8291-75af-4833-98fb-5a33d469ba33";"55d4b834-65d7-46a9-952d-e0915aa921b8";"2026-07-15";"-66";"WORK";""
"4c8d91b4-2db6-4a1c-97df-284366acec57";"01f9409f-d074-4c85-b8aa-96be02f6ba07";"2026-07-15";"37";"WORK";""
"454b7be6-6ef5-44d8-87de-727e6061bc44";"10af27b6-820d-4142-a168-b43e8f261518";"2026-07-15";"3";"WORK";""
"2852f972-4ad7-4ebf-adf9-b54e4dbdc5b3";"6c62ccbf-5719-4a03-89cf-3506e5200dd2";"2026-07-15";"530";"ADJUSTMENT";"Esqueci de bater a volta do almoço"
"4b6b83e1-ca28-475e-a39b-911ae666e2d7";"6c62ccbf-5719-4a03-89cf-3506e5200dd2";"2026-07-16";"91";"WORK";""
"ce8c8a2f-ddda-4243-ac86-885520789d8b";"10af27b6-820d-4142-a168-b43e8f261518";"2026-07-16";"-6";"WORK";""
"b4084cb7-3acd-4e7b-9d8b-cdc33be31fc7";"01f9409f-d074-4c85-b8aa-96be02f6ba07";"2026-07-16";"-330";"WORK";""
"4ca99cbd-f011-41d8-9283-12ea1e0c512c";"55d4b834-65d7-46a9-952d-e0915aa921b8";"2026-07-16";"-13";"WORK";""
"dfd3d57b-40f1-4d0f-831b-111979cc4bb2";"55d4b834-65d7-46a9-952d-e0915aa921b8";"2026-07-17";"74";"WORK";""
"13848787-eccd-40fe-97d4-9757cea2de06";"6c62ccbf-5719-4a03-89cf-3506e5200dd2";"2026-07-17";"111";"WORK";""
"9b0f1d8d-c613-475a-b24b-853c98d5634d";"10af27b6-820d-4142-a168-b43e8f261518";"2026-07-17";"65";"WORK";""
"520ea2ee-acfc-4d74-8820-e488eb7f51d1";"10af27b6-820d-4142-a168-b43e8f261518";"2026-07-18";"-19";"WORK";""
"76fb54a6-20b3-4b1d-b087-19477c82a2f2";"6c62ccbf-5719-4a03-89cf-3506e5200dd2";"2026-07-18";"525";"ADJUSTMENT";"Esqueci de fechar o ponto no dia"
"411dc7c1-ba60-4b63-8ac3-72191a3afc50";"55d4b834-65d7-46a9-952d-e0915aa921b8";"2026-07-18";"-12";"WORK";""
"a5211c46-293e-49ea-9815-f2efcfeeb2ac";"10af27b6-820d-4142-a168-b43e8f261518";"2026-07-20";"29";"WORK";""
"80809bdb-89ae-43b2-9577-383d0ebbc827";"55d4b834-65d7-46a9-952d-e0915aa921b8";"2026-07-20";"29";"WORK";""
"86b01a9c-058c-4469-9edd-387caf43ac4d";"6c62ccbf-5719-4a03-89cf-3506e5200dd2";"2026-07-20";"137";"WORK";""
"f14acf76-8bee-4261-8107-d5eba303e836";"01f9409f-d074-4c85-b8aa-96be02f6ba07";"2026-07-20";"1";"WORK";""
"e7906d52-fce4-4493-9abb-587f2a08b978";"6c62ccbf-5719-4a03-89cf-3506e5200dd2";"2026-07-21";"27";"WORK";""
"5aa5833f-b6ac-4887-b19e-6aa9a7a149ed";"01f9409f-d074-4c85-b8aa-96be02f6ba07";"2026-07-21";"22";"WORK";""
"b817d6b2-969e-414c-b1a3-2b9a1159b3da";"10af27b6-820d-4142-a168-b43e8f261518";"2026-07-21";"4";"WORK";""
"b99c1c0a-79c8-432c-a349-a9708e7abf7f";"55d4b834-65d7-46a9-952d-e0915aa921b8";"2026-07-21";"-10";"WORK";""
"bd8ba099-d71a-41a3-ab67-362c70d8324e";"01f9409f-d074-4c85-b8aa-96be02f6ba07";"2026-07-22";"145";"WORK";""
"872d4517-d561-4b1a-9601-efecab601ded";"6c62ccbf-5719-4a03-89cf-3506e5200dd2";"2026-07-22";"266";"WORK";""
"9a4955d0-87ca-4c70-85f9-32eaa3e109e3";"10af27b6-820d-4142-a168-b43e8f261518";"2026-07-22";"15";"WORK";""
"6ef433df-2adb-4e10-8df9-e1f823a04798";"01f9409f-d074-4c85-b8aa-96be02f6ba07";"2026-07-23";"119";"WORK";""
"c4ba198d-b2db-48d7-9d54-62a25719be92";"10af27b6-820d-4142-a168-b43e8f261518";"2026-07-23";"14";"WORK";""
"877a2c13-4894-4e71-b1fe-131db5df5ed3";"6c62ccbf-5719-4a03-89cf-3506e5200dd2";"2026-07-23";"272";"WORK";""
"dd5c2266-79da-4cfc-a334-c86faf57d219";"10af27b6-820d-4142-a168-b43e8f261518";"2026-07-24";"19";"WORK";""
"1416e9ee-0fe0-42f4-95fb-abb05e17c342";"6c62ccbf-5719-4a03-89cf-3506e5200dd2";"2026-07-24";"540";"ADJUSTMENT";"Festival do Chocolate"
"b04c398c-20e6-4fe0-9645-fc5caa3d751f";"01f9409f-d074-4c85-b8aa-96be02f6ba07";"2026-07-24";"-69";"WORK";""
"c554b180-7588-46bc-b200-cf9fd0a23e82";"55d4b834-65d7-46a9-952d-e0915aa921b8";"2026-07-25";"-10";"WORK";""
"22104f6a-8df6-4d29-a4f9-94075a4cedf7";"10af27b6-820d-4142-a168-b43e8f261518";"2026-07-25";"4";"WORK";""
"a652cbf8-34cb-4246-9491-06b0df4c61d5";"6c62ccbf-5719-4a03-89cf-3506e5200dd2";"2026-07-25";"780";"ADJUSTMENT";"Festival do Chocolate"
"9179dbce-1aeb-49b0-b3ea-83987d81006a";"6c62ccbf-5719-4a03-89cf-3506e5200dd2";"2026-07-26";"480";"ADJUSTMENT";"Festival do Chocolate"
"cc4cfb83-8f53-413f-b70f-23f6ba3fe881";"6c62ccbf-5719-4a03-89cf-3506e5200dd2";"2026-07-27";"480";"ADJUSTMENT";"Ia ser minha folga, mas vim fazer ML e fiquei"
"837efc45-4402-437e-8a03-82c40d4a9911";"01f9409f-d074-4c85-b8aa-96be02f6ba07";"2026-07-27";"30";"WORK";""
"9a9541cf-3b1e-4732-a54f-3899af4bc9c2";"55d4b834-65d7-46a9-952d-e0915aa921b8";"2026-07-27";"10";"WORK";""
"70d57d6c-df50-48cc-bb92-aaaf80908cf3";"55d4b834-65d7-46a9-952d-e0915aa921b8";"2026-07-28";"18";"WORK";""
"9dba23c6-8db3-424f-b648-6eb12b31a2d3";"01f9409f-d074-4c85-b8aa-96be02f6ba07";"2026-07-28";"41";"WORK";""
"2a1117e4-4b80-4734-a118-22daa0ed28b4";"10af27b6-820d-4142-a168-b43e8f261518";"2026-07-28";"3";"WORK";""
"8430afcb-f564-4ab9-9542-df031b07f27b";"6c62ccbf-5719-4a03-89cf-3506e5200dd2";"2026-07-29";"261";"WORK";""
"4493e9f3-34d8-43fd-86a2-43f727c72aa9";"01f9409f-d074-4c85-b8aa-96be02f6ba07";"2026-07-29";"11";"WORK";""
"81dc4ca3-14af-459c-acdb-51ad3e605a01";"10af27b6-820d-4142-a168-b43e8f261518";"2026-07-29";"30";"WORK";""
"2e2fbd5b-03d6-47b0-9d3a-1f3b1a415f33";"55d4b834-65d7-46a9-952d-e0915aa921b8";"2026-07-29";"49";"WORK";""
"18566417-5fc7-4855-8645-06a7f6e386f6";"01f9409f-d074-4c85-b8aa-96be02f6ba07";"2026-07-30";"-10";"WORK";""
"b1502a17-16c0-43d9-b6b3-6af27bc653de";"6c62ccbf-5719-4a03-89cf-3506e5200dd2";"2026-07-30";"245";"WORK";""
"e2e75333-616c-4dbd-b546-0fa1ae9b22bf";"27d83b80-0073-41d6-82f3-c7c9dc341db8";"2026-07-30";"-301";"WORK";""
"d6a93280-c35f-4545-9f4c-a9e71a91aca9";"10af27b6-820d-4142-a168-b43e8f261518";"2026-07-31";"9";"WORK";""
"b0d2d6ac-9a8f-4009-862a-51e4933f79ee";"6c62ccbf-5719-4a03-89cf-3506e5200dd2";"2026-07-31";"720";"ADJUSTMENT";"Festival do Chocolate"
"6f1a3c3a-0b53-4291-825f-fdd37388a0ea";"01f9409f-d074-4c85-b8aa-96be02f6ba07";"2026-07-31";"72";"WORK";""
"2baa2d37-2dbc-4381-9e39-9fcca673bea8";"6c62ccbf-5719-4a03-89cf-3506e5200dd2";"2026-08-01";"690";"ADJUSTMENT";"Festival do Chocolate"
"299756da-18fa-4e4d-a84f-818c9f794cc2";"55d4b834-65d7-46a9-952d-e0915aa921b8";"2026-08-01";"4";"WORK";""
"2db0bec9-23ad-4794-be60-4e4ee66150b4";"27d83b80-0073-41d6-82f3-c7c9dc341db8";"2026-08-01";"-50";"WORK";""
"520d8de5-5355-4d09-91f1-13e51955f3a9";"27d83b80-0073-41d6-82f3-c7c9dc341db8";"2026-08-02";"431";"WORK";""
"1e714c32-fcbf-4a2d-a84a-39d1babb9f36";"55d4b834-65d7-46a9-952d-e0915aa921b8";"2026-08-02";"405";"WORK";""
"199f1dbf-5717-4c15-877a-562270571160";"6c62ccbf-5719-4a03-89cf-3506e5200dd2";"2026-08-02";"600";"ADJUSTMENT";"Festival do Chocolate"
"89e3402b-6040-4be6-82ab-696a5e918937";"6c62ccbf-5719-4a03-89cf-3506e5200dd2";"2026-08-03";"-2";"WORK";""
"cbeacc5b-39a5-4df2-8d45-c10648646355";"01f9409f-d074-4c85-b8aa-96be02f6ba07";"2026-08-03";"5";"WORK";""
"0c7a6938-8dac-4d7d-854f-967802fe1851";"27d83b80-0073-41d6-82f3-c7c9dc341db8";"2026-08-03";"174";"WORK";""
"79e3e0d4-8837-491b-a22d-4e7d7875f4a1";"55d4b834-65d7-46a9-952d-e0915aa921b8";"2026-08-03";"-21";"WORK";""
"13672e05-0242-4b2b-969c-4bce3619a103";"10af27b6-820d-4142-a168-b43e8f261518";"2026-08-04";"0";"WORK";""
"0b4387d2-1ddd-4db8-8aec-9208ef6fc66d";"27d83b80-0073-41d6-82f3-c7c9dc341db8";"2026-08-04";"-201";"WORK";""
"255ad993-9405-4c8a-9f6a-235ae5a1adf0";"01f9409f-d074-4c85-b8aa-96be02f6ba07";"2026-08-04";"36";"WORK";""
"171eacc1-5d37-451c-af70-9998e98752c9";"55d4b834-65d7-46a9-952d-e0915aa921b8";"2026-08-04";"21";"WORK";""
"c62359f2-0742-44b1-8739-6066462f8c56";"6c62ccbf-5719-4a03-89cf-3506e5200dd2";"2026-08-04";"480";"ADJUSTMENT";"Esqueci de fechar o ponto."
"57dd5d48-aaf8-471b-b801-f88311a5e94d";"10af27b6-820d-4142-a168-b43e8f261518";"2026-08-05";"24";"WORK";""
"fc0770e1-89cf-47a4-aafd-a518e5600874";"55d4b834-65d7-46a9-952d-e0915aa921b8";"2026-08-05";"10";"WORK";""
"f985c357-35a4-4145-b29a-c24308fbae7b";"10af27b6-820d-4142-a168-b43e8f261518";"2026-08-06";"16";"WORK";""
"6267b45f-a9f4-4a6a-8cd8-88cce38741f6";"27d83b80-0073-41d6-82f3-c7c9dc341db8";"2026-08-06";"-417";"WORK";""
"0bdf8632-c46a-494a-a93f-61c27ddacb39";"6c62ccbf-5719-4a03-89cf-3506e5200dd2";"2026-08-06";"480";"ADJUSTMENT";"Esqueci de bater o ponto"
"e59a6d3b-09ee-4b99-9471-3a723d0d9cca";"01f9409f-d074-4c85-b8aa-96be02f6ba07";"2026-08-06";"7";"WORK";""
"9edeb728-b0ad-49b0-9a7a-e6f639e1832c";"01f9409f-d074-4c85-b8aa-96be02f6ba07";"2026-08-07";"19";"WORK";""
"a5a47e9d-5e6f-445e-bd4d-62867ba472d3";"27d83b80-0073-41d6-82f3-c7c9dc341db8";"2026-08-07";"-17";"WORK";""
"3417d840-392f-41a3-a03e-96b9115b1522";"55d4b834-65d7-46a9-952d-e0915aa921b8";"2026-08-07";"-19";"WORK";""
"80b78e6a-e705-485c-a219-9bd8cb993f4d";"10af27b6-820d-4142-a168-b43e8f261518";"2026-08-07";"-5";"WORK";""
"1423a00d-6632-409f-958d-20d8eb85d3c5";"6c62ccbf-5719-4a03-89cf-3506e5200dd2";"2026-08-07";"10";"WORK";""
"9965f6a8-b4a4-4e72-b4ce-ee179a7d01b0";"01f9409f-d074-4c85-b8aa-96be02f6ba07";"2026-08-08";"371";"WORK";""
"23bbcbc3-d24e-48a4-a1de-6f3b1cf2a366";"55d4b834-65d7-46a9-952d-e0915aa921b8";"2026-08-08";"-23";"WORK";""
"b36a6d58-dae5-4128-8ada-9d253cc9b5d6";"10af27b6-820d-4142-a168-b43e8f261518";"2026-08-08";"-4";"WORK";""
"1dedfb31-f2e1-4b79-918c-3ef2d2dac5b9";"27d83b80-0073-41d6-82f3-c7c9dc341db8";"2026-08-08";"-30";"WORK";""
"fa564618-2eec-4037-8ba1-faeb328e11f2";"6c62ccbf-5719-4a03-89cf-3506e5200dd2";"2026-08-08";"360";"ADJUSTMENT";"Esqueci de fechar o ponto. Saí 17h."
"0a40b9f1-0966-4b4a-870d-9742a48a522c";"27d83b80-0073-41d6-82f3-c7c9dc341db8";"2026-08-10";"81";"WORK";""
"24a35a12-80af-474f-8c26-6d821244892a";"01f9409f-d074-4c85-b8aa-96be02f6ba07";"2026-08-10";"31";"WORK";""
"2d1b4b47-9e8c-4784-87b6-70b3b97f56fc";"10af27b6-820d-4142-a168-b43e8f261518";"2026-08-10";"19";"WORK";""
"287407e5-7367-4c2d-aeb1-34ecf454b310";"6c62ccbf-5719-4a03-89cf-3506e5200dd2";"2026-08-10";"79";"WORK";""
"ded3e072-dcce-4277-b4f6-ca3559ac027c";"55d4b834-65d7-46a9-952d-e0915aa921b8";"2026-08-10";"16";"WORK";""
"8949f1c0-3321-4a99-9e0d-80a89c9b6ab0";"01f9409f-d074-4c85-b8aa-96be02f6ba07";"2026-08-11";"6";"WORK";""
"5d1c86c1-da48-4268-a138-4cb6594b3fe4";"55d4b834-65d7-46a9-952d-e0915aa921b8";"2026-08-11";"-9";"WORK";""
"af03ebf9-6e6a-425f-b434-5263f30bf80f";"27d83b80-0073-41d6-82f3-c7c9dc341db8";"2026-08-11";"-26";"WORK";""
"51f3cc69-3467-483e-86a9-8fef6990325e";"6c62ccbf-5719-4a03-89cf-3506e5200dd2";"2026-08-11";"24";"WORK";""
"a3a76ea2-2354-44d4-865d-774f8d56d889";"10af27b6-820d-4142-a168-b43e8f261518";"2026-08-11";"-12";"WORK";""
"fc39d430-ef3c-49f7-811e-370ae6c773ad";"6c62ccbf-5719-4a03-89cf-3506e5200dd2";"2026-08-12";"480";"ADJUSTMENT";"Não bati a volta do almoço"
"6d24a019-f567-46c3-8ad3-d3f450687419";"10af27b6-820d-4142-a168-b43e8f261518";"2026-08-12";"-9";"WORK";""
"2602abd9-c196-41be-8b71-013ad380d651";"27d83b80-0073-41d6-82f3-c7c9dc341db8";"2026-08-12";"4";"WORK";""
"356adf5e-3535-469e-8aee-7408a5c8c0bd";"01f9409f-d074-4c85-b8aa-96be02f6ba07";"2026-08-13";"12";"WORK";""
"bebffaa4-ff2b-4df5-bea9-25fc46af8df9";"55d4b834-65d7-46a9-952d-e0915aa921b8";"2026-08-13";"225";"WORK";""
"80fa4a25-7263-4f11-a504-c41eb1e5f12c";"10af27b6-820d-4142-a168-b43e8f261518";"2026-08-13";"-10";"WORK";""
"1636223b-4c94-4719-8e56-295295b23211";"27d83b80-0073-41d6-82f3-c7c9dc341db8";"2026-08-13";"38";"WORK";""
"1544a50d-aac6-4cf9-a3e4-f8b4bde4e99f";"6c62ccbf-5719-4a03-89cf-3506e5200dd2";"2026-08-13";"46";"WORK";""